experiment,ppid,session_num,trial_num,block_num,trial_num_in_block,start_time,end_time,landmarkstimulus_estimates_location_0,manual_reach_vive_wrist_movement_steamvr_location_0,manual_reach_ppt_hand_movement_location_0,tool_reach_vive_tool_movement_steamvr_location_0,tool_reach_ppt_tool_movement_location_0
2_toolusenotinVR,219,1,1,1,1,547.2078,552.752,2_toolusenotinVR/219/S001/trackers/landmark/landmarkstimulus_estimates_T001.csv,,,,
2_toolusenotinVR,219,1,2,1,2,556.7946,559.6158,2_toolusenotinVR/219/S001/trackers/landmark/landmarkstimulus_estimates_T002.csv,,,,
2_toolusenotinVR,219,1,3,1,3,563.6561,565.1678,2_toolusenotinVR/219/S001/trackers/landmark/landmarkstimulus_estimates_T003.csv,,,,
2_toolusenotinVR,219,1,4,1,4,569.2102,571.9876,2_toolusenotinVR/219/S001/trackers/landmark/landmarkstimulus_estimates_T004.csv,,,,
2_toolusenotinVR,219,1,5,1,5,576.0407,577.151,2_toolusenotinVR/219/S001/trackers/landmark/landmarkstimulus_estimates_T005.csv,,,,
2_toolusenotinVR,219,1,6,1,6,581.2045,583.2816,2_toolusenotinVR/219/S001/trackers/landmark/landmarkstimulus_estimates_T006.csv,,,,
2_toolusenotinVR,219,1,7,1,7,587.3244,590.5111,2_toolusenotinVR/219/S001/trackers/landmark/landmarkstimulus_estimates_T007.csv,,,,
2_toolusenotinVR,219,1,8,1,8,594.5657,600.2946,2_toolusenotinVR/219/S001/trackers/landmark/landmarkstimulus_estimates_T008.csv,,,,
2_toolusenotinVR,219,1,9,1,9,604.3386,606.4041,2_toolusenotinVR/219/S001/trackers/landmark/landmarkstimulus_estimates_T009.csv,,,,
2_toolusenotinVR,219,1,10,1,10,610.4576,613.3886,2_toolusenotinVR/219/S001/trackers/landmark/landmarkstimulus_estimates_T010.csv,,,,
2_toolusenotinVR,219,1,11,1,11,617.4324,621.5518,2_toolusenotinVR/219/S001/trackers/landmark/landmarkstimulus_estimates_T011.csv,,,,
2_toolusenotinVR,219,1,12,1,12,625.5729,629.0495,2_toolusenotinVR/219/S001/trackers/landmark/landmarkstimulus_estimates_T012.csv,,,,
2_toolusenotinVR,219,1,13,1,13,639.3442,642.2207,2_toolusenotinVR/219/S001/trackers/landmark/landmarkstimulus_estimates_T013.csv,,,,
2_toolusenotinVR,219,1,14,1,14,646.2753,653.4268,2_toolusenotinVR/219/S001/trackers/landmark/landmarkstimulus_estimates_T014.csv,,,,
2_toolusenotinVR,219,1,15,1,15,657.4695,659.1132,2_toolusenotinVR/219/S001/trackers/landmark/landmarkstimulus_estimates_T015.csv,,,,
2_toolusenotinVR,219,1,16,1,16,663.1555,669.7966,2_toolusenotinVR/219/S001/trackers/landmark/landmarkstimulus_estimates_T016.csv,,,,
2_toolusenotinVR,219,1,17,1,17,673.8392,674.5168,2_toolusenotinVR/219/S001/trackers/landmark/landmarkstimulus_estimates_T017.csv,,,,
2_toolusenotinVR,219,1,18,1,18,678.5593,683.5909,2_toolusenotinVR/219/S001/trackers/landmark/landmarkstimulus_estimates_T018.csv,,,,
2_toolusenotinVR,219,1,19,2,1,941.6465,949.2986,,2_toolusenotinVR/219/S001/trackers/manual_reach/manual_reach_vive_wrist_movement_steamvr_T019.csv,2_toolusenotinVR/219/S001/trackers/manual_reach/manual_reach_ppt_hand_movement_T019.csv,,
2_toolusenotinVR,219,1,20,2,2,958.8497,962.9475,,2_toolusenotinVR/219/S001/trackers/manual_reach/manual_reach_vive_wrist_movement_steamvr_T020.csv,2_toolusenotinVR/219/S001/trackers/manual_reach/manual_reach_ppt_hand_movement_T020.csv,,
2_toolusenotinVR,219,1,21,2,3,965.9011,969.7545,,2_toolusenotinVR/219/S001/trackers/manual_reach/manual_reach_vive_wrist_movement_steamvr_T021.csv,2_toolusenotinVR/219/S001/trackers/manual_reach/manual_reach_ppt_hand_movement_T021.csv,,
2_toolusenotinVR,219,1,22,2,4,972.7092,976.6739,,2_toolusenotinVR/219/S001/trackers/manual_reach/manual_reach_vive_wrist_movement_steamvr_T022.csv,2_toolusenotinVR/219/S001/trackers/manual_reach/manual_reach_ppt_hand_movement_T022.csv,,
2_toolusenotinVR,219,1,23,2,5,979.6292,983.6379,,2_toolusenotinVR/219/S001/trackers/manual_reach/manual_reach_vive_wrist_movement_steamvr_T023.csv,2_toolusenotinVR/219/S001/trackers/manual_reach/manual_reach_ppt_hand_movement_T023.csv,,
2_toolusenotinVR,219,1,24,2,6,986.5915,990.4014,,2_toolusenotinVR/219/S001/trackers/manual_reach/manual_reach_vive_wrist_movement_steamvr_T024.csv,2_toolusenotinVR/219/S001/trackers/manual_reach/manual_reach_ppt_hand_movement_T024.csv,,
2_toolusenotinVR,219,1,25,2,7,993.3554,997.0316,,2_toolusenotinVR/219/S001/trackers/manual_reach/manual_reach_vive_wrist_movement_steamvr_T025.csv,2_toolusenotinVR/219/S001/trackers/manual_reach/manual_reach_ppt_hand_movement_T025.csv,,
2_toolusenotinVR,219,1,26,2,8,999.9866,1003.417,,2_toolusenotinVR/219/S001/trackers/manual_reach/manual_reach_vive_wrist_movement_steamvr_T026.csv,2_toolusenotinVR/219/S001/trackers/manual_reach/manual_reach_ppt_hand_movement_T026.csv,,
2_toolusenotinVR,219,1,27,2,9,1006.371,1010.548,,2_toolusenotinVR/219/S001/trackers/manual_reach/manual_reach_vive_wrist_movement_steamvr_T027.csv,2_toolusenotinVR/219/S001/trackers/manual_reach/manual_reach_ppt_hand_movement_T027.csv,,
2_toolusenotinVR,219,1,28,2,10,1013.501,1017.644,,2_toolusenotinVR/219/S001/trackers/manual_reach/manual_reach_vive_wrist_movement_steamvr_T028.csv,2_toolusenotinVR/219/S001/trackers/manual_reach/manual_reach_ppt_hand_movement_T028.csv,,
2_toolusenotinVR,219,1,29,2,11,1020.597,1024.319,,2_toolusenotinVR/219/S001/trackers/manual_reach/manual_reach_vive_wrist_movement_steamvr_T029.csv,2_toolusenotinVR/219/S001/trackers/manual_reach/manual_reach_ppt_hand_movement_T029.csv,,
2_toolusenotinVR,219,1,30,2,12,1027.273,1031.516,,2_toolusenotinVR/219/S001/trackers/manual_reach/manual_reach_vive_wrist_movement_steamvr_T030.csv,2_toolusenotinVR/219/S001/trackers/manual_reach/manual_reach_ppt_hand_movement_T030.csv,,
2_toolusenotinVR,219,1,31,2,13,1034.469,1038.212,,2_toolusenotinVR/219/S001/trackers/manual_reach/manual_reach_vive_wrist_movement_steamvr_T031.csv,2_toolusenotinVR/219/S001/trackers/manual_reach/manual_reach_ppt_hand_movement_T031.csv,,
2_toolusenotinVR,219,1,32,2,14,1041.167,1044.754,,2_toolusenotinVR/219/S001/trackers/manual_reach/manual_reach_vive_wrist_movement_steamvr_T032.csv,2_toolusenotinVR/219/S001/trackers/manual_reach/manual_reach_ppt_hand_movement_T032.csv,,
2_toolusenotinVR,219,1,33,2,15,1047.708,1051.283,,2_toolusenotinVR/219/S001/trackers/manual_reach/manual_reach_vive_wrist_movement_steamvr_T033.csv,2_toolusenotinVR/219/S001/trackers/manual_reach/manual_reach_ppt_hand_movement_T033.csv,,
2_toolusenotinVR,219,1,34,2,16,1054.238,1057.736,,2_toolusenotinVR/219/S001/trackers/manual_reach/manual_reach_vive_wrist_movement_steamvr_T034.csv,2_toolusenotinVR/219/S001/trackers/manual_reach/manual_reach_ppt_hand_movement_T034.csv,,
2_toolusenotinVR,219,1,35,2,17,1060.69,1064.119,,2_toolusenotinVR/219/S001/trackers/manual_reach/manual_reach_vive_wrist_movement_steamvr_T035.csv,2_toolusenotinVR/219/S001/trackers/manual_reach/manual_reach_ppt_hand_movement_T035.csv,,
2_toolusenotinVR,219,1,36,2,18,1067.076,1070.542,,2_toolusenotinVR/219/S001/trackers/manual_reach/manual_reach_vive_wrist_movement_steamvr_T036.csv,2_toolusenotinVR/219/S001/trackers/manual_reach/manual_reach_ppt_hand_movement_T036.csv,,
2_toolusenotinVR,219,1,37,3,1,1296.168,1302.765,,,,2_toolusenotinVR/219/S001/trackers/tool_reach/tool_reach_vive_tool_movement_steamvr_T037.csv,2_toolusenotinVR/219/S001/trackers/tool_reach/tool_reach_ppt_tool_movement_T037.csv
2_toolusenotinVR,219,1,38,3,2,1351.965,1357.518,,,,2_toolusenotinVR/219/S001/trackers/tool_reach/tool_reach_vive_tool_movement_steamvr_T038.csv,2_toolusenotinVR/219/S001/trackers/tool_reach/tool_reach_ppt_tool_movement_T038.csv
2_toolusenotinVR,219,1,39,3,3,1387.858,1392.846,,,,2_toolusenotinVR/219/S001/trackers/tool_reach/tool_reach_vive_tool_movement_steamvr_T039.csv,2_toolusenotinVR/219/S001/trackers/tool_reach/tool_reach_ppt_tool_movement_T039.csv
2_toolusenotinVR,219,1,40,3,4,1395.799,1400.54,,,,2_toolusenotinVR/219/S001/trackers/tool_reach/tool_reach_vive_tool_movement_steamvr_T040.csv,2_toolusenotinVR/219/S001/trackers/tool_reach/tool_reach_ppt_tool_movement_T040.csv
2_toolusenotinVR,219,1,41,3,5,1403.495,1408.47,,,,2_toolusenotinVR/219/S001/trackers/tool_reach/tool_reach_vive_tool_movement_steamvr_T041.csv,2_toolusenotinVR/219/S001/trackers/tool_reach/tool_reach_ppt_tool_movement_T041.csv
2_toolusenotinVR,219,1,42,3,6,1411.425,1416.645,,,,2_toolusenotinVR/219/S001/trackers/tool_reach/tool_reach_vive_tool_movement_steamvr_T042.csv,2_toolusenotinVR/219/S001/trackers/tool_reach/tool_reach_ppt_tool_movement_T042.csv
2_toolusenotinVR,219,1,43,3,7,1419.599,1424.474,,,,2_toolusenotinVR/219/S001/trackers/tool_reach/tool_reach_vive_tool_movement_steamvr_T043.csv,2_toolusenotinVR/219/S001/trackers/tool_reach/tool_reach_ppt_tool_movement_T043.csv
2_toolusenotinVR,219,1,44,3,8,1427.428,1431.803,,,,2_toolusenotinVR/219/S001/trackers/tool_reach/tool_reach_vive_tool_movement_steamvr_T044.csv,2_toolusenotinVR/219/S001/trackers/tool_reach/tool_reach_ppt_tool_movement_T044.csv
2_toolusenotinVR,219,1,45,3,9,1434.758,1439.589,,,,2_toolusenotinVR/219/S001/trackers/tool_reach/tool_reach_vive_tool_movement_steamvr_T045.csv,2_toolusenotinVR/219/S001/trackers/tool_reach/tool_reach_ppt_tool_movement_T045.csv
2_toolusenotinVR,219,1,46,3,10,1442.543,1446.863,,,,2_toolusenotinVR/219/S001/trackers/tool_reach/tool_reach_vive_tool_movement_steamvr_T046.csv,2_toolusenotinVR/219/S001/trackers/tool_reach/tool_reach_ppt_tool_movement_T046.csv
2_toolusenotinVR,219,1,47,3,11,1449.818,1454.615,,,,2_toolusenotinVR/219/S001/trackers/tool_reach/tool_reach_vive_tool_movement_steamvr_T047.csv,2_toolusenotinVR/219/S001/trackers/tool_reach/tool_reach_ppt_tool_movement_T047.csv
2_toolusenotinVR,219,1,48,3,12,1457.57,1462.367,,,,2_toolusenotinVR/219/S001/trackers/tool_reach/tool_reach_vive_tool_movement_steamvr_T048.csv,2_toolusenotinVR/219/S001/trackers/tool_reach/tool_reach_ppt_tool_movement_T048.csv
2_toolusenotinVR,219,1,49,3,13,1465.321,1469.576,,,,2_toolusenotinVR/219/S001/trackers/tool_reach/tool_reach_vive_tool_movement_steamvr_T049.csv,2_toolusenotinVR/219/S001/trackers/tool_reach/tool_reach_ppt_tool_movement_T049.csv
2_toolusenotinVR,219,1,50,3,14,1472.529,1477.094,,,,2_toolusenotinVR/219/S001/trackers/tool_reach/tool_reach_vive_tool_movement_steamvr_T050.csv,2_toolusenotinVR/219/S001/trackers/tool_reach/tool_reach_ppt_tool_movement_T050.csv
2_toolusenotinVR,219,1,51,3,15,1480.049,1485.002,,,,2_toolusenotinVR/219/S001/trackers/tool_reach/tool_reach_vive_tool_movement_steamvr_T051.csv,2_toolusenotinVR/219/S001/trackers/tool_reach/tool_reach_ppt_tool_movement_T051.csv
2_toolusenotinVR,219,1,52,3,16,1487.955,1492.797,,,,2_toolusenotinVR/219/S001/trackers/tool_reach/tool_reach_vive_tool_movement_steamvr_T052.csv,2_toolusenotinVR/219/S001/trackers/tool_reach/tool_reach_ppt_tool_movement_T052.csv
2_toolusenotinVR,219,1,53,3,17,1495.753,1500.249,,,,2_toolusenotinVR/219/S001/trackers/tool_reach/tool_reach_vive_tool_movement_steamvr_T053.csv,2_toolusenotinVR/219/S001/trackers/tool_reach/tool_reach_ppt_tool_movement_T053.csv
2_toolusenotinVR,219,1,54,3,18,1503.203,1507.424,,,,2_toolusenotinVR/219/S001/trackers/tool_reach/tool_reach_vive_tool_movement_steamvr_T054.csv,2_toolusenotinVR/219/S001/trackers/tool_reach/tool_reach_ppt_tool_movement_T054.csv
2_toolusenotinVR,219,1,55,3,19,1510.379,1514.632,,,,2_toolusenotinVR/219/S001/trackers/tool_reach/tool_reach_vive_tool_movement_steamvr_T055.csv,2_toolusenotinVR/219/S001/trackers/tool_reach/tool_reach_ppt_tool_movement_T055.csv
2_toolusenotinVR,219,1,56,3,20,1517.585,1522.35,,,,2_toolusenotinVR/219/S001/trackers/tool_reach/tool_reach_vive_tool_movement_steamvr_T056.csv,2_toolusenotinVR/219/S001/trackers/tool_reach/tool_reach_ppt_tool_movement_T056.csv
2_toolusenotinVR,219,1,57,3,21,1525.304,1529.658,,,,2_toolusenotinVR/219/S001/trackers/tool_reach/tool_reach_vive_tool_movement_steamvr_T057.csv,2_toolusenotinVR/219/S001/trackers/tool_reach/tool_reach_ppt_tool_movement_T057.csv
2_toolusenotinVR,219,1,58,3,22,1532.612,1537.155,,,,2_toolusenotinVR/219/S001/trackers/tool_reach/tool_reach_vive_tool_movement_steamvr_T058.csv,2_toolusenotinVR/219/S001/trackers/tool_reach/tool_reach_ppt_tool_movement_T058.csv
2_toolusenotinVR,219,1,59,3,23,1540.108,1544.906,,,,2_toolusenotinVR/219/S001/trackers/tool_reach/tool_reach_vive_tool_movement_steamvr_T059.csv,2_toolusenotinVR/219/S001/trackers/tool_reach/tool_reach_ppt_tool_movement_T059.csv
2_toolusenotinVR,219,1,60,3,24,1547.861,1552.802,,,,2_toolusenotinVR/219/S001/trackers/tool_reach/tool_reach_vive_tool_movement_steamvr_T060.csv,2_toolusenotinVR/219/S001/trackers/tool_reach/tool_reach_ppt_tool_movement_T060.csv
2_toolusenotinVR,219,1,61,3,25,1555.757,1560.766,,,,2_toolusenotinVR/219/S001/trackers/tool_reach/tool_reach_vive_tool_movement_steamvr_T061.csv,2_toolusenotinVR/219/S001/trackers/tool_reach/tool_reach_ppt_tool_movement_T061.csv
2_toolusenotinVR,219,1,62,3,26,1563.719,1568.728,,,,2_toolusenotinVR/219/S001/trackers/tool_reach/tool_reach_vive_tool_movement_steamvr_T062.csv,2_toolusenotinVR/219/S001/trackers/tool_reach/tool_reach_ppt_tool_movement_T062.csv
2_toolusenotinVR,219,1,63,3,27,1571.682,1576.579,,,,2_toolusenotinVR/219/S001/trackers/tool_reach/tool_reach_vive_tool_movement_steamvr_T063.csv,2_toolusenotinVR/219/S001/trackers/tool_reach/tool_reach_ppt_tool_movement_T063.csv
2_toolusenotinVR,219,1,64,3,28,1579.534,1584.732,,,,2_toolusenotinVR/219/S001/trackers/tool_reach/tool_reach_vive_tool_movement_steamvr_T064.csv,2_toolusenotinVR/219/S001/trackers/tool_reach/tool_reach_ppt_tool_movement_T064.csv
2_toolusenotinVR,219,1,65,3,29,1587.685,1593.061,,,,2_toolusenotinVR/219/S001/trackers/tool_reach/tool_reach_vive_tool_movement_steamvr_T065.csv,2_toolusenotinVR/219/S001/trackers/tool_reach/tool_reach_ppt_tool_movement_T065.csv
2_toolusenotinVR,219,1,66,3,30,1596.015,1601.091,,,,2_toolusenotinVR/219/S001/trackers/tool_reach/tool_reach_vive_tool_movement_steamvr_T066.csv,2_toolusenotinVR/219/S001/trackers/tool_reach/tool_reach_ppt_tool_movement_T066.csv
2_toolusenotinVR,219,1,67,3,31,1604.045,1609.043,,,,2_toolusenotinVR/219/S001/trackers/tool_reach/tool_reach_vive_tool_movement_steamvr_T067.csv,2_toolusenotinVR/219/S001/trackers/tool_reach/tool_reach_ppt_tool_movement_T067.csv
2_toolusenotinVR,219,1,68,3,32,1611.996,1616.827,,,,2_toolusenotinVR/219/S001/trackers/tool_reach/tool_reach_vive_tool_movement_steamvr_T068.csv,2_toolusenotinVR/219/S001/trackers/tool_reach/tool_reach_ppt_tool_movement_T068.csv
2_toolusenotinVR,219,1,69,3,33,1619.782,1625.012,,,,2_toolusenotinVR/219/S001/trackers/tool_reach/tool_reach_vive_tool_movement_steamvr_T069.csv,2_toolusenotinVR/219/S001/trackers/tool_reach/tool_reach_ppt_tool_movement_T069.csv
2_toolusenotinVR,219,1,70,3,34,1627.967,1634.919,,,,2_toolusenotinVR/219/S001/trackers/tool_reach/tool_reach_vive_tool_movement_steamvr_T070.csv,2_toolusenotinVR/219/S001/trackers/tool_reach/tool_reach_ppt_tool_movement_T070.csv
2_toolusenotinVR,219,1,71,3,35,1637.874,1642.305,,,,2_toolusenotinVR/219/S001/trackers/tool_reach/tool_reach_vive_tool_movement_steamvr_T071.csv,2_toolusenotinVR/219/S001/trackers/tool_reach/tool_reach_ppt_tool_movement_T071.csv
2_toolusenotinVR,219,1,72,3,36,1645.259,1649.979,,,,2_toolusenotinVR/219/S001/trackers/tool_reach/tool_reach_vive_tool_movement_steamvr_T072.csv,2_toolusenotinVR/219/S001/trackers/tool_reach/tool_reach_ppt_tool_movement_T072.csv
2_toolusenotinVR,219,1,73,3,37,1652.933,1657.687,,,,2_toolusenotinVR/219/S001/trackers/tool_reach/tool_reach_vive_tool_movement_steamvr_T073.csv,2_toolusenotinVR/219/S001/trackers/tool_reach/tool_reach_ppt_tool_movement_T073.csv
2_toolusenotinVR,219,1,74,3,38,1660.64,1667.415,,,,2_toolusenotinVR/219/S001/trackers/tool_reach/tool_reach_vive_tool_movement_steamvr_T074.csv,2_toolusenotinVR/219/S001/trackers/tool_reach/tool_reach_ppt_tool_movement_T074.csv
2_toolusenotinVR,219,1,75,3,39,1670.37,1674.768,,,,2_toolusenotinVR/219/S001/trackers/tool_reach/tool_reach_vive_tool_movement_steamvr_T075.csv,2_toolusenotinVR/219/S001/trackers/tool_reach/tool_reach_ppt_tool_movement_T075.csv
2_toolusenotinVR,219,1,76,3,40,1677.721,1682.274,,,,2_toolusenotinVR/219/S001/trackers/tool_reach/tool_reach_vive_tool_movement_steamvr_T076.csv,2_toolusenotinVR/219/S001/trackers/tool_reach/tool_reach_ppt_tool_movement_T076.csv
2_toolusenotinVR,219,1,77,3,41,1685.229,1689.538,,,,2_toolusenotinVR/219/S001/trackers/tool_reach/tool_reach_vive_tool_movement_steamvr_T077.csv,2_toolusenotinVR/219/S001/trackers/tool_reach/tool_reach_ppt_tool_movement_T077.csv
2_toolusenotinVR,219,1,78,3,42,1692.492,1696.979,,,,2_toolusenotinVR/219/S001/trackers/tool_reach/tool_reach_vive_tool_movement_steamvr_T078.csv,2_toolusenotinVR/219/S001/trackers/tool_reach/tool_reach_ppt_tool_movement_T078.csv
2_toolusenotinVR,219,1,79,3,43,1699.933,1704.064,,,,2_toolusenotinVR/219/S001/trackers/tool_reach/tool_reach_vive_tool_movement_steamvr_T079.csv,2_toolusenotinVR/219/S001/trackers/tool_reach/tool_reach_ppt_tool_movement_T079.csv
2_toolusenotinVR,219,1,80,3,44,1707.019,1710.972,,,,2_toolusenotinVR/219/S001/trackers/tool_reach/tool_reach_vive_tool_movement_steamvr_T080.csv,2_toolusenotinVR/219/S001/trackers/tool_reach/tool_reach_ppt_tool_movement_T080.csv
2_toolusenotinVR,219,1,81,3,45,1713.927,1718.768,,,,2_toolusenotinVR/219/S001/trackers/tool_reach/tool_reach_vive_tool_movement_steamvr_T081.csv,2_toolusenotinVR/219/S001/trackers/tool_reach/tool_reach_ppt_tool_movement_T081.csv
2_toolusenotinVR,219,1,82,3,46,1721.723,1726.065,,,,2_toolusenotinVR/219/S001/trackers/tool_reach/tool_reach_vive_tool_movement_steamvr_T082.csv,2_toolusenotinVR/219/S001/trackers/tool_reach/tool_reach_ppt_tool_movement_T082.csv
2_toolusenotinVR,219,1,83,3,47,1729.02,1734.049,,,,2_toolusenotinVR/219/S001/trackers/tool_reach/tool_reach_vive_tool_movement_steamvr_T083.csv,2_toolusenotinVR/219/S001/trackers/tool_reach/tool_reach_ppt_tool_movement_T083.csv
2_toolusenotinVR,219,1,84,3,48,1737.005,1741.68,,,,2_toolusenotinVR/219/S001/trackers/tool_reach/tool_reach_vive_tool_movement_steamvr_T084.csv,2_toolusenotinVR/219/S001/trackers/tool_reach/tool_reach_ppt_tool_movement_T084.csv
2_toolusenotinVR,219,1,85,4,1,1915.221,1919.096,,2_toolusenotinVR/219/S001/trackers/manual_reach/manual_reach_vive_wrist_movement_steamvr_T085.csv,2_toolusenotinVR/219/S001/trackers/manual_reach/manual_reach_ppt_hand_movement_T085.csv,,
2_toolusenotinVR,219,1,86,4,2,1922.051,1925.782,,2_toolusenotinVR/219/S001/trackers/manual_reach/manual_reach_vive_wrist_movement_steamvr_T086.csv,2_toolusenotinVR/219/S001/trackers/manual_reach/manual_reach_ppt_hand_movement_T086.csv,,
2_toolusenotinVR,219,1,87,4,3,1928.735,1932.379,,2_toolusenotinVR/219/S001/trackers/manual_reach/manual_reach_vive_wrist_movement_steamvr_T087.csv,2_toolusenotinVR/219/S001/trackers/manual_reach/manual_reach_ppt_hand_movement_T087.csv,,
2_toolusenotinVR,219,1,88,4,4,1935.333,1938.632,,2_toolusenotinVR/219/S001/trackers/manual_reach/manual_reach_vive_wrist_movement_steamvr_T088.csv,2_toolusenotinVR/219/S001/trackers/manual_reach/manual_reach_ppt_hand_movement_T088.csv,,
2_toolusenotinVR,219,1,89,4,5,1941.586,1945.029,,2_toolusenotinVR/219/S001/trackers/manual_reach/manual_reach_vive_wrist_movement_steamvr_T089.csv,2_toolusenotinVR/219/S001/trackers/manual_reach/manual_reach_ppt_hand_movement_T089.csv,,
2_toolusenotinVR,219,1,90,4,6,1947.982,1952.114,,2_toolusenotinVR/219/S001/trackers/manual_reach/manual_reach_vive_wrist_movement_steamvr_T090.csv,2_toolusenotinVR/219/S001/trackers/manual_reach/manual_reach_ppt_hand_movement_T090.csv,,
2_toolusenotinVR,219,1,91,4,7,1955.068,1958.023,,2_toolusenotinVR/219/S001/trackers/manual_reach/manual_reach_vive_wrist_movement_steamvr_T091.csv,2_toolusenotinVR/219/S001/trackers/manual_reach/manual_reach_ppt_hand_movement_T091.csv,,
2_toolusenotinVR,219,1,92,4,8,1960.977,1964.197,,2_toolusenotinVR/219/S001/trackers/manual_reach/manual_reach_vive_wrist_movement_steamvr_T092.csv,2_toolusenotinVR/219/S001/trackers/manual_reach/manual_reach_ppt_hand_movement_T092.csv,,
2_toolusenotinVR,219,1,93,4,9,1967.151,1970.329,,2_toolusenotinVR/219/S001/trackers/manual_reach/manual_reach_vive_wrist_movement_steamvr_T093.csv,2_toolusenotinVR/219/S001/trackers/manual_reach/manual_reach_ppt_hand_movement_T093.csv,,
2_toolusenotinVR,219,1,94,4,10,1973.282,1975.924,,2_toolusenotinVR/219/S001/trackers/manual_reach/manual_reach_vive_wrist_movement_steamvr_T094.csv,2_toolusenotinVR/219/S001/trackers/manual_reach/manual_reach_ppt_hand_movement_T094.csv,,
2_toolusenotinVR,219,1,95,4,11,1978.88,1981.522,,2_toolusenotinVR/219/S001/trackers/manual_reach/manual_reach_vive_wrist_movement_steamvr_T095.csv,2_toolusenotinVR/219/S001/trackers/manual_reach/manual_reach_ppt_hand_movement_T095.csv,,
2_toolusenotinVR,219,1,96,4,12,1984.477,1986.987,,2_toolusenotinVR/219/S001/trackers/manual_reach/manual_reach_vive_wrist_movement_steamvr_T096.csv,2_toolusenotinVR/219/S001/trackers/manual_reach/manual_reach_ppt_hand_movement_T096.csv,,
2_toolusenotinVR,219,1,97,4,13,1989.941,1992.395,,2_toolusenotinVR/219/S001/trackers/manual_reach/manual_reach_vive_wrist_movement_steamvr_T097.csv,2_toolusenotinVR/219/S001/trackers/manual_reach/manual_reach_ppt_hand_movement_T097.csv,,
2_toolusenotinVR,219,1,98,4,14,1995.35,1998.067,,2_toolusenotinVR/219/S001/trackers/manual_reach/manual_reach_vive_wrist_movement_steamvr_T098.csv,2_toolusenotinVR/219/S001/trackers/manual_reach/manual_reach_ppt_hand_movement_T098.csv,,
2_toolusenotinVR,219,1,99,4,15,2001.024,2004.078,,2_toolusenotinVR/219/S001/trackers/manual_reach/manual_reach_vive_wrist_movement_steamvr_T099.csv,2_toolusenotinVR/219/S001/trackers/manual_reach/manual_reach_ppt_hand_movement_T099.csv,,
2_toolusenotinVR,219,1,100,4,16,2007.032,2009.987,,2_toolusenotinVR/219/S001/trackers/manual_reach/manual_reach_vive_wrist_movement_steamvr_T100.csv,2_toolusenotinVR/219/S001/trackers/manual_reach/manual_reach_ppt_hand_movement_T100.csv,,
2_toolusenotinVR,219,1,101,4,17,2012.94,2015.795,,2_toolusenotinVR/219/S001/trackers/manual_reach/manual_reach_vive_wrist_movement_steamvr_T101.csv,2_toolusenotinVR/219/S001/trackers/manual_reach/manual_reach_ppt_hand_movement_T101.csv,,
2_toolusenotinVR,219,1,102,4,18,2018.75,2021.748,,2_toolusenotinVR/219/S001/trackers/manual_reach/manual_reach_vive_wrist_movement_steamvr_T102.csv,2_toolusenotinVR/219/S001/trackers/manual_reach/manual_reach_ppt_hand_movement_T102.csv,,
2_toolusenotinVR,219,1,103,5,1,2214.068,2216.056,2_toolusenotinVR/219/S001/trackers/landmark/landmarkstimulus_estimates_T103.csv,,,,
2_toolusenotinVR,219,1,104,5,2,2220.107,2225.807,2_toolusenotinVR/219/S001/trackers/landmark/landmarkstimulus_estimates_T104.csv,,,,
2_toolusenotinVR,219,1,105,5,3,2229.861,2230.949,2_toolusenotinVR/219/S001/trackers/landmark/landmarkstimulus_estimates_T105.csv,,,,
2_toolusenotinVR,219,1,106,5,4,2235.003,2239.223,2_toolusenotinVR/219/S001/trackers/landmark/landmarkstimulus_estimates_T106.csv,,,,
2_toolusenotinVR,219,1,107,5,5,2243.277,2248.252,2_toolusenotinVR/219/S001/trackers/landmark/landmarkstimulus_estimates_T107.csv,,,,
2_toolusenotinVR,219,1,108,5,6,2252.306,2253.261,2_toolusenotinVR/219/S001/trackers/landmark/landmarkstimulus_estimates_T108.csv,,,,
2_toolusenotinVR,219,1,109,5,7,2257.315,2262.503,2_toolusenotinVR/219/S001/trackers/landmark/landmarkstimulus_estimates_T109.csv,,,,
2_toolusenotinVR,219,1,110,5,8,2266.544,2267.955,2_toolusenotinVR/219/S001/trackers/landmark/landmarkstimulus_estimates_T110.csv,,,,
2_toolusenotinVR,219,1,111,5,9,2272.008,2274.862,2_toolusenotinVR/219/S001/trackers/landmark/landmarkstimulus_estimates_T111.csv,,,,
2_toolusenotinVR,219,1,112,5,10,2278.894,2282.381,2_toolusenotinVR/219/S001/trackers/landmark/landmarkstimulus_estimates_T112.csv,,,,
2_toolusenotinVR,219,1,113,5,11,2286.413,2288.223,2_toolusenotinVR/219/S001/trackers/landmark/landmarkstimulus_estimates_T113.csv,,,,
2_toolusenotinVR,219,1,114,5,12,2292.276,2296.352,2_toolusenotinVR/219/S001/trackers/landmark/landmarkstimulus_estimates_T114.csv,,,,
2_toolusenotinVR,219,1,115,5,13,2300.384,2305.603,2_toolusenotinVR/219/S001/trackers/landmark/landmarkstimulus_estimates_T115.csv,,,,
2_toolusenotinVR,219,1,116,5,14,2309.646,2312.045,2_toolusenotinVR/219/S001/trackers/landmark/landmarkstimulus_estimates_T116.csv,,,,
2_toolusenotinVR,219,1,117,5,15,2316.088,2319.874,2_toolusenotinVR/219/S001/trackers/landmark/landmarkstimulus_estimates_T117.csv,,,,
2_toolusenotinVR,219,1,118,5,16,2323.917,2325.317,2_toolusenotinVR/219/S001/trackers/landmark/landmarkstimulus_estimates_T118.csv,,,,
2_toolusenotinVR,219,1,119,5,17,2329.359,2333.511,2_toolusenotinVR/219/S001/trackers/landmark/landmarkstimulus_estimates_T119.csv,,,,
2_toolusenotinVR,219,1,120,5,18,2337.555,2341.398,2_toolusenotinVR/219/S001/trackers/landmark/landmarkstimulus_estimates_T120.csv,,,,
