ppid,experiment,order,block,trial,time,target,lapse_fix_target,error,lapse_fix_error,forearmlength,closest_to,lapse
d2-001,2_toolusenotinVR,pre,1,1,pre,Elbow,Elbow,-0.0447,-0.0447,0.2279,Elbow,FALSE
d2-001,2_toolusenotinVR,pre,1,2,pre,Forearm,Forearm,-0.0372,-0.0372,0.2273,Forearm,FALSE
d2-001,2_toolusenotinVR,pre,1,3,pre,Wrist,Wrist,0.0607,0.0607,0.2269,Wrist,FALSE
d2-001,2_toolusenotinVR,pre,1,4,pre,Elbow,Elbow,-0.0906,-0.0906,0.2269,Elbow,FALSE
d2-001,2_toolusenotinVR,pre,1,5,pre,Forearm,Forearm,-0.026,-0.026,0.2265,Forearm,FALSE
d2-001,2_toolusenotinVR,pre,1,6,pre,Wrist,Wrist,-0.0291,-0.0291,0.2264,Wrist,FALSE
d2-001,2_toolusenotinVR,pre,1,7,pre,Elbow,Elbow,-0.1418,-0.1418,0.2266,Elbow,FALSE
d2-001,2_toolusenotinVR,pre,1,8,pre,Wrist,Wrist,-0.0287,-0.0287,0.2263,Wrist,FALSE
d2-001,2_toolusenotinVR,pre,1,9,pre,Elbow,Elbow,-0.1879,-0.1879,0.2264,Elbow,FALSE
d2-001,2_toolusenotinVR,pre,1,10,pre,Forearm,Forearm,-0.0622,-0.0622,0.2272,Elbow,FALSE
d2-001,2_toolusenotinVR,pre,1,11,pre,Wrist,Wrist,-0.01,-0.01,0.2276,Wrist,FALSE
d2-001,2_toolusenotinVR,pre,1,12,pre,Elbow,Elbow,-0.1759,-0.1759,0.228,Elbow,FALSE
d2-001,2_toolusenotinVR,pre,1,13,pre,Wrist,Wrist,-0.0171,-0.0171,0.2287,Wrist,FALSE
d2-001,2_toolusenotinVR,pre,1,14,pre,Forearm,Forearm,-0.0705,-0.0705,0.2287,Elbow,FALSE
d2-001,2_toolusenotinVR,pre,1,15,pre,Wrist,Wrist,-0.0043,-0.0043,0.2291,Wrist,FALSE
d2-001,2_toolusenotinVR,pre,1,16,pre,Forearm,Forearm,0.0045,0.0045,0.2294,Forearm,FALSE
d2-001,2_toolusenotinVR,pre,1,17,pre,Elbow,Elbow,-0.2133,-0.2133,0.2297,Elbow,FALSE
d2-001,2_toolusenotinVR,pre,1,18,pre,Forearm,Elbow,-0.1155,-0.00229999999999997,0.2297,Elbow,TRUE
d2-001,2_toolusenotinVR,second,5,1,post,Wrist,Wrist,-0.0178,-0.0178,0.232,Wrist,FALSE
d2-001,2_toolusenotinVR,second,5,2,post,Forearm,Forearm,-0.0238,-0.0238,0.2322,Forearm,FALSE
d2-001,2_toolusenotinVR,second,5,3,post,Wrist,Elbow,-0.2821,-0.0529000000000001,0.2324,Elbow,TRUE
d2-001,2_toolusenotinVR,second,5,4,post,Elbow,Elbow,-0.1167,-0.1167,0.2329,Elbow,FALSE
d2-001,2_toolusenotinVR,second,5,5,post,Forearm,Forearm,-2e-04,-2e-04,0.2331,Forearm,FALSE
d2-001,2_toolusenotinVR,second,5,6,post,Elbow,Elbow,-0.1367,-0.1367,0.2331,Elbow,FALSE
d2-001,2_toolusenotinVR,second,5,7,post,Wrist,Wrist,-0.0803,-0.0803,0.2329,Forearm,FALSE
d2-001,2_toolusenotinVR,second,5,8,post,Forearm,Forearm,0.0576,0.0576,0.2331,Wrist,FALSE
d2-001,2_toolusenotinVR,second,5,9,post,Elbow,Elbow,-0.0877,-0.0877,0.2329,Elbow,FALSE
d2-001,2_toolusenotinVR,second,5,10,post,Wrist,Wrist,0.0431,0.0431,0.2331,Wrist,FALSE
d2-001,2_toolusenotinVR,second,5,11,post,Forearm,Elbow,-0.1258,-0.0108,0.233,Elbow,TRUE
d2-001,2_toolusenotinVR,second,5,12,post,Wrist,Wrist,0.0616,0.0616,0.2335,Wrist,FALSE
d2-001,2_toolusenotinVR,second,5,13,post,Forearm,Forearm,0.0091,0.0091,0.2333,Forearm,FALSE
d2-001,2_toolusenotinVR,second,5,14,post,Elbow,Elbow,-0.0972,-0.0972,0.2331,Elbow,FALSE
d2-001,2_toolusenotinVR,second,5,15,post,Wrist,Wrist,-0.0813,-0.0813,0.233,Forearm,FALSE
d2-001,2_toolusenotinVR,second,5,16,post,Elbow,Elbow,-0.1318,-0.1318,0.2337,Elbow,FALSE
d2-001,2_toolusenotinVR,second,5,17,post,Forearm,Forearm,0.0323,0.0323,0.2335,Forearm,FALSE
d2-001,2_toolusenotinVR,second,5,18,post,Elbow,Elbow,-0.1221,-0.1221,0.233,Elbow,FALSE
d2-002,2_toolusenotinVR,pre,2,1,pre,Elbow,Elbow,-0.0502,-0.0502,0.2283,Elbow,FALSE
d2-002,2_toolusenotinVR,pre,2,2,pre,Forearm,Elbow,-0.1745,-0.0622,0.2283,Elbow,TRUE
d2-002,2_toolusenotinVR,pre,2,3,pre,Wrist,Wrist,-0.0345,-0.0345,0.2283,Wrist,FALSE
d2-002,2_toolusenotinVR,pre,2,4,pre,Forearm,Forearm,-0.0311,-0.0311,0.229,Forearm,FALSE
d2-002,2_toolusenotinVR,pre,2,5,pre,Wrist,Wrist,-0.007,-0.007,0.2291,Wrist,FALSE
d2-002,2_toolusenotinVR,pre,2,6,pre,Elbow,Elbow,-0.0675,-0.0675,0.2294,Elbow,FALSE
d2-002,2_toolusenotinVR,pre,2,7,pre,Wrist,Wrist,-0.0443,-0.0443,0.2297,Wrist,FALSE
d2-002,2_toolusenotinVR,pre,2,8,pre,Elbow,Elbow,-0.0795,-0.0795,0.23,Elbow,FALSE
d2-002,2_toolusenotinVR,pre,2,9,pre,Forearm,Forearm,-0.0531,-0.0531,0.23,Forearm,FALSE
d2-002,2_toolusenotinVR,pre,2,10,pre,Elbow,Elbow,-0.0736,-0.0736,0.23,Elbow,FALSE
d2-002,2_toolusenotinVR,pre,2,11,pre,Wrist,Wrist,-0.0206,-0.0206,0.2294,Wrist,FALSE
d2-002,2_toolusenotinVR,pre,2,12,pre,Elbow,Elbow,-0.0748,-0.0748,0.2293,Elbow,FALSE
d2-002,2_toolusenotinVR,pre,2,13,pre,Wrist,Wrist,-0.0227,-0.0227,0.2288,Wrist,FALSE
d2-002,2_toolusenotinVR,pre,2,14,pre,Forearm,Forearm,-0.0377,-0.0377,0.2283,Forearm,FALSE
d2-002,2_toolusenotinVR,pre,2,15,pre,Wrist,Wrist,-0.0365,-0.0365,0.2286,Wrist,FALSE
d2-002,2_toolusenotinVR,pre,2,16,pre,Forearm,Forearm,-0.0791,-0.0791,0.2282,Elbow,FALSE
d2-002,2_toolusenotinVR,pre,2,17,pre,Elbow,Elbow,-0.0629,-0.0629,0.2282,Elbow,FALSE
d2-002,2_toolusenotinVR,pre,2,18,pre,Forearm,Forearm,-0.0604,-0.0604,0.2283,Elbow,FALSE
d2-002,2_toolusenotinVR,second,5,1,post,Elbow,Elbow,-0.0819,-0.0819,0.226,Elbow,FALSE
d2-002,2_toolusenotinVR,second,5,2,post,Forearm,Forearm,-0.0266,-0.0266,0.2262,Forearm,FALSE
d2-002,2_toolusenotinVR,second,5,3,post,Wrist,Wrist,-0.0445,-0.0445,0.2261,Wrist,FALSE
d2-002,2_toolusenotinVR,second,5,4,post,Elbow,Elbow,-0.09,-0.09,0.2264,Elbow,FALSE
d2-002,2_toolusenotinVR,second,5,5,post,Wrist,Wrist,-0.0037,-0.0037,0.2266,Wrist,FALSE
d2-002,2_toolusenotinVR,second,5,6,post,Forearm,Forearm,-0.0349,-0.0349,0.2268,Forearm,FALSE
d2-002,2_toolusenotinVR,second,5,7,post,Elbow,Elbow,-0.0659,-0.0659,0.2271,Elbow,FALSE
d2-002,2_toolusenotinVR,second,5,8,post,Forearm,Forearm,-0.0688,-0.0688,0.2271,Elbow,FALSE
d2-002,2_toolusenotinVR,second,5,9,post,Wrist,Wrist,-0.0809,-0.0809,0.2269,Forearm,FALSE
d2-002,2_toolusenotinVR,second,5,10,post,Forearm,Forearm,-0.012,-0.012,0.227,Forearm,FALSE
d2-002,2_toolusenotinVR,second,5,11,post,Elbow,Elbow,-0.0156,-0.0156,0.2272,Elbow,FALSE
d2-002,2_toolusenotinVR,second,5,12,post,Wrist,Wrist,-0.0164,-0.0164,0.2277,Wrist,FALSE
d2-002,2_toolusenotinVR,second,5,13,post,Elbow,Elbow,-0.0258,-0.0258,0.2277,Elbow,FALSE
d2-002,2_toolusenotinVR,second,5,14,post,Forearm,Forearm,-0.0745,-0.0745,0.2276,Elbow,FALSE
d2-002,2_toolusenotinVR,second,5,15,post,Wrist,Wrist,-0.034,-0.034,0.2276,Wrist,FALSE
d2-002,2_toolusenotinVR,second,5,16,post,Forearm,Forearm,-0.0416,-0.0416,0.2276,Forearm,FALSE
d2-002,2_toolusenotinVR,second,5,17,post,Elbow,Elbow,-0.075,-0.075,0.2279,Elbow,FALSE
d2-002,2_toolusenotinVR,second,5,18,post,Wrist,Wrist,-0.0558,-0.0558,0.2277,Wrist,FALSE
d2-003,2_toolusenotinVR,pre,1,1,pre,Elbow,Elbow,-0.0132,-0.0132,0.2466,Elbow,FALSE
d2-003,2_toolusenotinVR,pre,1,2,pre,Forearm,Forearm,-0.0235,-0.0235,0.2479,Forearm,FALSE
d2-003,2_toolusenotinVR,pre,1,3,pre,Wrist,Wrist,-0.0321,-0.0321,0.2479,Wrist,FALSE
d2-003,2_toolusenotinVR,pre,1,4,pre,Forearm,Forearm,-0.022,-0.022,0.2484,Forearm,FALSE
d2-003,2_toolusenotinVR,pre,1,5,pre,Wrist,Wrist,-0.0481,-0.0481,0.2482,Wrist,FALSE
d2-003,2_toolusenotinVR,pre,1,6,pre,Elbow,Elbow,-0.0388,-0.0388,0.2479,Elbow,FALSE
d2-003,2_toolusenotinVR,pre,1,7,pre,Forearm,Forearm,0.0089,0.0089,0.2472,Forearm,FALSE
d2-003,2_toolusenotinVR,pre,1,8,pre,Wrist,Wrist,-0.0591,-0.0591,0.2472,Wrist,FALSE
d2-003,2_toolusenotinVR,pre,1,9,pre,Forearm,Forearm,-0.0421,-0.0421,0.2467,Forearm,FALSE
d2-003,2_toolusenotinVR,pre,1,10,pre,Wrist,Wrist,-0.0707,-0.0707,0.2464,Forearm,FALSE
d2-003,2_toolusenotinVR,pre,1,11,pre,Elbow,Elbow,0.0011,0.0011,0.2466,Elbow,FALSE
d2-003,2_toolusenotinVR,pre,1,12,pre,Forearm,Forearm,-0.0546,-0.0546,0.2467,Forearm,FALSE
d2-003,2_toolusenotinVR,pre,1,13,pre,Elbow,Elbow,-0.0463,-0.0463,0.2492,Elbow,FALSE
d2-003,2_toolusenotinVR,pre,1,14,pre,Wrist,Wrist,-0.028,-0.028,0.2489,Wrist,FALSE
d2-003,2_toolusenotinVR,pre,1,15,pre,Elbow,Elbow,-0.0392,-0.0392,0.2484,Elbow,FALSE
d2-003,2_toolusenotinVR,pre,1,16,pre,Wrist,Wrist,-0.0553,-0.0553,0.2481,Wrist,FALSE
d2-003,2_toolusenotinVR,pre,1,17,pre,Elbow,Elbow,-0.0668,-0.0668,0.248,Elbow,FALSE
d2-003,2_toolusenotinVR,pre,1,18,pre,Forearm,Forearm,-0.0228,-0.0228,0.2472,Forearm,FALSE
d2-003,2_toolusenotinVR,second,5,1,post,Elbow,Elbow,-0.0011,-0.0011,0.2443,Elbow,FALSE
d2-003,2_toolusenotinVR,second,5,2,post,Wrist,Wrist,-0.0534,-0.0534,0.2455,Wrist,FALSE
d2-003,2_toolusenotinVR,second,5,3,post,Forearm,Forearm,-0.0459,-0.0459,0.2456,Forearm,FALSE
d2-003,2_toolusenotinVR,second,5,4,post,Elbow,Elbow,-0.0401,-0.0401,0.2457,Elbow,FALSE
d2-003,2_toolusenotinVR,second,5,5,post,Forearm,Forearm,-0.043,-0.043,0.2462,Forearm,FALSE
d2-003,2_toolusenotinVR,second,5,6,post,Elbow,Elbow,-0.0954,-0.0954,0.2465,Elbow,FALSE
d2-003,2_toolusenotinVR,second,5,7,post,Wrist,Wrist,-0.0189,-0.0189,0.2461,Wrist,FALSE
d2-003,2_toolusenotinVR,second,5,8,post,Forearm,Forearm,-0.0446,-0.0446,0.2459,Forearm,FALSE
d2-003,2_toolusenotinVR,second,5,9,post,Wrist,Wrist,-0.0624,-0.0624,0.2456,Forearm,FALSE
d2-003,2_toolusenotinVR,second,5,10,post,Forearm,Forearm,-0.045,-0.045,0.2461,Forearm,FALSE
d2-003,2_toolusenotinVR,second,5,11,post,Elbow,Elbow,-0.0636,-0.0636,0.2465,Elbow,FALSE
d2-003,2_toolusenotinVR,second,5,12,post,Wrist,Wrist,-0.0535,-0.0535,0.2462,Wrist,FALSE
d2-003,2_toolusenotinVR,second,5,13,post,Forearm,Forearm,-0.0331,-0.0331,0.2455,Forearm,FALSE
d2-003,2_toolusenotinVR,second,5,14,post,Elbow,Elbow,-0.0825,-0.0825,0.2469,Elbow,FALSE
d2-003,2_toolusenotinVR,second,5,15,post,Wrist,Wrist,0.004,0.004,0.2461,Wrist,FALSE
d2-003,2_toolusenotinVR,second,5,16,post,Forearm,Forearm,-0.0302,-0.0302,0.2461,Forearm,FALSE
d2-003,2_toolusenotinVR,second,5,17,post,Wrist,Wrist,-0.008,-0.008,0.246,Wrist,FALSE
d2-003,2_toolusenotinVR,second,5,18,post,Elbow,Elbow,-0.0601,-0.0601,0.2462,Elbow,FALSE
d2-004,2_toolusenotinVR,pre,2,1,pre,Elbow,Elbow,-0.0305,-0.0305,0.2145,Elbow,FALSE
d2-004,2_toolusenotinVR,pre,2,2,pre,Forearm,Forearm,0.0571,0.0571,0.2144,Wrist,FALSE
d2-004,2_toolusenotinVR,pre,2,3,pre,Elbow,Elbow,-0.0414,-0.0414,0.2145,Elbow,FALSE
d2-004,2_toolusenotinVR,pre,2,4,pre,Wrist,Elbow,-0.2898,-0.0775,0.2143,Elbow,TRUE
d2-004,2_toolusenotinVR,pre,2,5,pre,Forearm,Forearm,-0.0253,-0.0253,0.2145,Forearm,FALSE
d2-004,2_toolusenotinVR,pre,2,6,pre,Elbow,Wrist,0.2893,0.0765,0.2149,Wrist,TRUE
d2-004,2_toolusenotinVR,pre,2,7,pre,Forearm,Forearm,-0.0614,-0.0614,0.2148,Elbow,FALSE
d2-004,2_toolusenotinVR,pre,2,8,pre,Elbow,Elbow,0.0253,0.0253,0.2154,Elbow,FALSE
d2-004,2_toolusenotinVR,pre,2,9,pre,Wrist,Wrist,0.0163,0.0163,0.2153,Wrist,FALSE
d2-004,2_toolusenotinVR,pre,2,10,pre,Forearm,Forearm,-0.0571,-0.0571,0.2159,Elbow,FALSE
d2-004,2_toolusenotinVR,pre,2,11,pre,Elbow,Elbow,-0.0709,-0.0709,0.2159,Elbow,FALSE
d2-004,2_toolusenotinVR,pre,2,12,pre,Wrist,Wrist,-0.1076,-0.1076,0.2159,Forearm,FALSE
d2-004,2_toolusenotinVR,pre,2,13,pre,Forearm,Forearm,-0.0549,-0.0549,0.216,Elbow,FALSE
d2-004,2_toolusenotinVR,pre,2,14,pre,Wrist,Forearm,-0.1092,-0.00270000000000004,0.2152,Forearm,TRUE
d2-004,2_toolusenotinVR,pre,2,15,pre,Forearm,Forearm,-0.059,-0.059,0.215,Elbow,FALSE
d2-004,2_toolusenotinVR,pre,2,16,pre,Wrist,Wrist,-0.0616,-0.0616,0.2147,Forearm,FALSE
d2-004,2_toolusenotinVR,pre,2,17,pre,Elbow,Elbow,-0.1472,-0.1472,0.2151,Elbow,FALSE
d2-004,2_toolusenotinVR,pre,2,18,pre,Wrist,Wrist,-0.0476,-0.0476,0.2159,Wrist,FALSE
d2-004,2_toolusenotinVR,first,4,1,post,Elbow,Elbow,-0.104,-0.104,0.2126,Elbow,FALSE
d2-004,2_toolusenotinVR,first,4,2,post,Wrist,Elbow,-0.3493,-0.1403,0.2128,Elbow,TRUE
d2-004,2_toolusenotinVR,first,4,3,post,Elbow,Elbow,-0.136,-0.136,0.2126,Elbow,FALSE
d2-004,2_toolusenotinVR,first,4,4,post,Wrist,Wrist,-0.0541,-0.0541,0.2116,Forearm,FALSE
d2-004,2_toolusenotinVR,first,4,5,post,Forearm,Forearm,-0.1041,-0.1041,0.2101,Elbow,FALSE
d2-004,2_toolusenotinVR,first,4,6,post,Wrist,Wrist,-0.0556,-0.0556,0.2087,Forearm,FALSE
d2-004,2_toolusenotinVR,first,4,7,post,Forearm,Forearm,-0.069,-0.069,0.2099,Elbow,FALSE
d2-004,2_toolusenotinVR,first,4,8,post,Elbow,Elbow,-0.1519,-0.1519,0.2109,Elbow,FALSE
d2-004,2_toolusenotinVR,first,4,9,post,Forearm,Forearm,-0.0582,-0.0582,0.2113,Elbow,FALSE
d2-004,2_toolusenotinVR,first,4,10,post,Wrist,Wrist,-0.0792,-0.0792,0.2118,Forearm,FALSE
d2-004,2_toolusenotinVR,first,4,11,post,Forearm,Forearm,-0.0635,-0.0635,0.2145,Elbow,FALSE
d2-004,2_toolusenotinVR,first,4,12,post,Wrist,Wrist,-0.0373,-0.0373,0.2146,Wrist,FALSE
d2-004,2_toolusenotinVR,first,4,13,post,Elbow,Elbow,-0.097,-0.097,0.2127,Elbow,FALSE
d2-004,2_toolusenotinVR,first,4,14,post,Forearm,Forearm,-0.0768,-0.0768,0.2125,Elbow,FALSE
d2-004,2_toolusenotinVR,first,4,15,post,Elbow,Elbow,-0.1464,-0.1464,0.2124,Elbow,FALSE
d2-004,2_toolusenotinVR,first,4,16,post,Forearm,Forearm,-0.0893,-0.0893,0.2125,Elbow,FALSE
d2-004,2_toolusenotinVR,first,4,17,post,Wrist,Wrist,-0.0992,-0.0992,0.2126,Forearm,FALSE
d2-004,2_toolusenotinVR,first,4,18,post,Elbow,Elbow,-0.144,-0.144,0.2131,Elbow,FALSE
d2-005,2_toolusenotinVR,pre,1,1,pre,Forearm,Forearm,0.001,0.001,0.2234,Forearm,FALSE
d2-005,2_toolusenotinVR,pre,1,2,pre,Elbow,Elbow,0.0315,0.0315,0.2235,Elbow,FALSE
d2-005,2_toolusenotinVR,pre,1,3,pre,Forearm,Forearm,0.0047,0.0047,0.2236,Forearm,FALSE
d2-005,2_toolusenotinVR,pre,1,4,pre,Wrist,Wrist,-0.0368,-0.0368,0.2237,Wrist,FALSE
d2-005,2_toolusenotinVR,pre,1,5,pre,Forearm,Forearm,-0.0378,-0.0378,0.2237,Forearm,FALSE
d2-005,2_toolusenotinVR,pre,1,6,pre,Elbow,Elbow,-0.0856,-0.0856,0.2242,Elbow,FALSE
d2-005,2_toolusenotinVR,pre,1,7,pre,Wrist,Wrist,-0.0971,-0.0971,0.2239,Forearm,FALSE
d2-005,2_toolusenotinVR,pre,1,8,pre,Elbow,Elbow,-0.0657,-0.0657,0.2238,Elbow,FALSE
d2-005,2_toolusenotinVR,pre,1,9,pre,Forearm,Forearm,-0.0638,-0.0638,0.2237,Elbow,FALSE
d2-005,2_toolusenotinVR,pre,1,10,pre,Wrist,Wrist,-0.0549,-0.0549,0.2238,Wrist,FALSE
d2-005,2_toolusenotinVR,pre,1,11,pre,Elbow,Elbow,-0.0539,-0.0539,0.2247,Elbow,FALSE
d2-005,2_toolusenotinVR,pre,1,12,pre,Wrist,Wrist,-0.081,-0.081,0.2245,Forearm,FALSE
d2-005,2_toolusenotinVR,pre,1,13,pre,Forearm,Elbow,-0.1175,-0.0071,0.2244,Elbow,TRUE
d2-005,2_toolusenotinVR,pre,1,14,pre,Wrist,Wrist,-0.097,-0.097,0.2242,Forearm,FALSE
d2-005,2_toolusenotinVR,pre,1,15,pre,Forearm,Forearm,-0.0622,-0.0622,0.2245,Elbow,FALSE
d2-005,2_toolusenotinVR,pre,1,16,pre,Elbow,Elbow,-0.0568,-0.0568,0.2244,Elbow,FALSE
d2-005,2_toolusenotinVR,pre,1,17,pre,Wrist,Wrist,-0.0785,-0.0785,0.2249,Forearm,FALSE
d2-005,2_toolusenotinVR,pre,1,18,pre,Elbow,Elbow,-0.0596,-0.0596,0.2257,Elbow,FALSE
d2-005,2_toolusenotinVR,first,4,1,post,Forearm,Forearm,0.0376,0.0376,0.2235,Forearm,FALSE
d2-005,2_toolusenotinVR,first,4,2,post,Elbow,Elbow,-0.0031,-0.0031,0.2239,Elbow,FALSE
d2-005,2_toolusenotinVR,first,4,3,post,Forearm,Forearm,-0.0385,-0.0385,0.223,Forearm,FALSE
d2-005,2_toolusenotinVR,first,4,4,post,Elbow,Elbow,-0.0624,-0.0624,0.2227,Elbow,FALSE
d2-005,2_toolusenotinVR,first,4,5,post,Wrist,Wrist,-0.0595,-0.0595,0.2224,Forearm,FALSE
d2-005,2_toolusenotinVR,first,4,6,post,Elbow,Elbow,-0.0731,-0.0731,0.2226,Elbow,FALSE
d2-005,2_toolusenotinVR,first,4,7,post,Wrist,Wrist,-0.0399,-0.0399,0.223,Wrist,FALSE
d2-005,2_toolusenotinVR,first,4,8,post,Elbow,Elbow,-0.046,-0.046,0.2232,Elbow,FALSE
d2-005,2_toolusenotinVR,first,4,9,post,Forearm,Forearm,-0.0542,-0.0542,0.223,Forearm,FALSE
d2-005,2_toolusenotinVR,first,4,10,post,Elbow,Elbow,-0.0656,-0.0656,0.2226,Elbow,FALSE
d2-005,2_toolusenotinVR,first,4,11,post,Wrist,Wrist,-0.0956,-0.0956,0.2227,Forearm,FALSE
d2-005,2_toolusenotinVR,first,4,12,post,Forearm,Forearm,-0.0507,-0.0507,0.2237,Forearm,FALSE
d2-005,2_toolusenotinVR,first,4,13,post,Wrist,Wrist,-0.0393,-0.0393,0.2234,Wrist,FALSE
d2-005,2_toolusenotinVR,first,4,14,post,Forearm,Forearm,-0.0706,-0.0706,0.224,Elbow,FALSE
d2-005,2_toolusenotinVR,first,4,15,post,Wrist,Wrist,-0.0497,-0.0497,0.2237,Wrist,FALSE
d2-005,2_toolusenotinVR,first,4,16,post,Elbow,Elbow,-0.0528,-0.0528,0.2247,Elbow,FALSE
d2-005,2_toolusenotinVR,first,4,17,post,Wrist,Wrist,-0.0824,-0.0824,0.2243,Forearm,FALSE
d2-005,2_toolusenotinVR,first,4,18,post,Forearm,Forearm,-0.1003,-0.1003,0.2245,Elbow,FALSE
d2-006,2_toolusenotinVR,pre,1,1,pre,Forearm,Wrist,0.3044,0.187,0.2403,Wrist,TRUE
d2-006,2_toolusenotinVR,pre,1,2,pre,Elbow,Elbow,-0.1302,-0.1302,0.2402,Elbow,FALSE
d2-006,2_toolusenotinVR,pre,1,3,pre,Forearm,Wrist,0.2141,0.0971,0.2391,Wrist,TRUE
d2-006,2_toolusenotinVR,pre,1,4,pre,Wrist,Wrist,0.1196,0.1196,0.2392,Wrist,FALSE
d2-006,2_toolusenotinVR,pre,1,5,pre,Elbow,Elbow,-0.0892,-0.0892,0.2396,Elbow,FALSE
d2-006,2_toolusenotinVR,pre,1,6,pre,Forearm,Forearm,0.0253,0.0253,0.2399,Forearm,FALSE
d2-006,2_toolusenotinVR,pre,1,7,pre,Wrist,Wrist,0.1095,0.1095,0.24,Wrist,FALSE
d2-006,2_toolusenotinVR,pre,1,8,pre,Forearm,Forearm,-0.0232,-0.0232,0.241,Forearm,FALSE
d2-006,2_toolusenotinVR,pre,1,9,pre,Elbow,Elbow,-0.1009,-0.1009,0.2414,Elbow,FALSE
d2-006,2_toolusenotinVR,pre,1,10,pre,Wrist,Wrist,0.0531,0.0531,0.2429,Wrist,FALSE
d2-006,2_toolusenotinVR,pre,1,11,pre,Elbow,Elbow,-0.1164,-0.1164,0.2433,Elbow,FALSE
d2-006,2_toolusenotinVR,pre,1,12,pre,Wrist,Wrist,0.011,0.011,0.2442,Wrist,FALSE
d2-006,2_toolusenotinVR,pre,1,13,pre,Forearm,Forearm,-0.0058,-0.0058,0.2439,Forearm,FALSE
d2-006,2_toolusenotinVR,pre,1,14,pre,Elbow,Elbow,-0.0733,-0.0733,0.2435,Elbow,FALSE
d2-006,2_toolusenotinVR,pre,1,15,pre,Forearm,Forearm,-0.0212,-0.0212,0.243,Forearm,FALSE
d2-006,2_toolusenotinVR,pre,1,16,pre,Wrist,Wrist,-0.0156,-0.0156,0.243,Wrist,FALSE
d2-006,2_toolusenotinVR,pre,1,17,pre,Elbow,Elbow,-0.0749,-0.0749,0.2426,Elbow,FALSE
d2-006,2_toolusenotinVR,pre,1,18,pre,Wrist,Wrist,-0.0184,-0.0184,0.2413,Wrist,FALSE
d2-006,2_toolusenotinVR,second,5,1,post,Elbow,Elbow,-0.0483,-0.0483,0.2368,Elbow,FALSE
d2-006,2_toolusenotinVR,second,5,2,post,Forearm,Forearm,-0.0339,-0.0339,0.2385,Forearm,FALSE
d2-006,2_toolusenotinVR,second,5,3,post,Wrist,Wrist,-0.0148,-0.0148,0.2387,Wrist,FALSE
d2-006,2_toolusenotinVR,second,5,4,post,Forearm,Forearm,-0.0114,-0.0114,0.2385,Forearm,FALSE
d2-006,2_toolusenotinVR,second,5,5,post,Wrist,Wrist,-0.0442,-0.0442,0.2391,Wrist,FALSE
d2-006,2_toolusenotinVR,second,5,6,post,Forearm,Forearm,-0.0628,-0.0628,0.24,Elbow,FALSE
d2-006,2_toolusenotinVR,second,5,7,post,Wrist,Wrist,-0.0396,-0.0396,0.2399,Wrist,FALSE
d2-006,2_toolusenotinVR,second,5,8,post,Elbow,Elbow,-0.0727,-0.0727,0.2403,Elbow,FALSE
d2-006,2_toolusenotinVR,second,5,9,post,Forearm,Forearm,-0.0425,-0.0425,0.2401,Forearm,FALSE
d2-006,2_toolusenotinVR,second,5,10,post,Elbow,Elbow,-0.0639,-0.0639,0.24,Elbow,FALSE
d2-006,2_toolusenotinVR,second,5,11,post,Wrist,Wrist,-0.0161,-0.0161,0.2406,Wrist,FALSE
d2-006,2_toolusenotinVR,second,5,12,post,Elbow,Elbow,-0.0805,-0.0805,0.241,Elbow,FALSE
d2-006,2_toolusenotinVR,second,5,13,post,Wrist,Wrist,-0.0125,-0.0125,0.2408,Wrist,FALSE
d2-006,2_toolusenotinVR,second,5,14,post,Forearm,Forearm,-0.0353,-0.0353,0.2418,Forearm,FALSE
d2-006,2_toolusenotinVR,second,5,15,post,Elbow,Elbow,-0.0458,-0.0458,0.2426,Elbow,FALSE
d2-006,2_toolusenotinVR,second,5,16,post,Wrist,Wrist,-0.018,-0.018,0.2433,Wrist,FALSE
d2-006,2_toolusenotinVR,second,5,17,post,Forearm,Forearm,-0.0149,-0.0149,0.2423,Forearm,FALSE
d2-006,2_toolusenotinVR,second,5,18,post,Elbow,Elbow,-0.0763,-0.0763,0.2421,Elbow,FALSE
d2-007,2_toolusenotinVR,pre,1,1,pre,Elbow,Elbow,0.0248,0.0248,0.2379,Elbow,FALSE
d2-007,2_toolusenotinVR,pre,1,2,pre,Forearm,Forearm,0.0415,0.0415,0.2385,Forearm,FALSE
d2-007,2_toolusenotinVR,pre,1,3,pre,Wrist,Wrist,0.047,0.047,0.2386,Wrist,FALSE
d2-007,2_toolusenotinVR,pre,1,4,pre,Forearm,Forearm,0.0149,0.0149,0.239,Forearm,FALSE
d2-007,2_toolusenotinVR,pre,1,5,pre,Wrist,Wrist,-0.0221,-0.0221,0.2392,Wrist,FALSE
d2-007,2_toolusenotinVR,pre,1,6,pre,Forearm,Forearm,-0.0342,-0.0342,0.2405,Forearm,FALSE
d2-007,2_toolusenotinVR,pre,1,7,pre,Elbow,Elbow,0.1041,0.1041,0.2404,Forearm,FALSE
d2-007,2_toolusenotinVR,pre,1,8,pre,Wrist,Wrist,-0.0095,-0.0095,0.241,Wrist,FALSE
d2-007,2_toolusenotinVR,pre,1,9,pre,Elbow,Elbow,-0.0235,-0.0235,0.2408,Elbow,FALSE
d2-007,2_toolusenotinVR,pre,1,10,pre,Wrist,Wrist,-0.0496,-0.0496,0.2408,Wrist,FALSE
d2-007,2_toolusenotinVR,pre,1,11,pre,Forearm,Forearm,-0.0131,-0.0131,0.2411,Forearm,FALSE
d2-007,2_toolusenotinVR,pre,1,12,pre,Elbow,Elbow,-0.0072,-0.0072,0.241,Elbow,FALSE
d2-007,2_toolusenotinVR,pre,1,13,pre,Wrist,Wrist,-0.0042,-0.0042,0.2409,Wrist,FALSE
d2-007,2_toolusenotinVR,pre,1,14,pre,Forearm,Forearm,-0.019,-0.019,0.2404,Forearm,FALSE
d2-007,2_toolusenotinVR,pre,1,15,pre,Elbow,Elbow,-0.0074,-0.0074,0.2402,Elbow,FALSE
d2-007,2_toolusenotinVR,pre,1,16,pre,Forearm,Forearm,-0.0746,-0.0746,0.2396,Elbow,FALSE
d2-007,2_toolusenotinVR,pre,1,17,pre,Wrist,Wrist,-0.0367,-0.0367,0.24,Wrist,FALSE
d2-007,2_toolusenotinVR,pre,1,18,pre,Elbow,Elbow,-0.0481,-0.0481,0.239,Elbow,FALSE
d2-007,2_toolusenotinVR,first,4,1,post,Wrist,Wrist,-0.0078,-0.0078,0.2434,Wrist,FALSE
d2-007,2_toolusenotinVR,first,4,2,post,Elbow,Elbow,0.0081,0.0081,0.2434,Elbow,FALSE
d2-007,2_toolusenotinVR,first,4,3,post,Forearm,Forearm,-0.05,-0.05,0.2438,Forearm,FALSE
d2-007,2_toolusenotinVR,first,4,4,post,Wrist,Wrist,-0.0631,-0.0631,0.2443,Forearm,FALSE
d2-007,2_toolusenotinVR,first,4,5,post,Elbow,Elbow,-0.0503,-0.0503,0.2448,Elbow,FALSE
d2-007,2_toolusenotinVR,first,4,6,post,Forearm,Forearm,-0.0418,-0.0418,0.2451,Forearm,FALSE
d2-007,2_toolusenotinVR,first,4,7,post,Elbow,Elbow,-0.0095,-0.0095,0.2451,Elbow,FALSE
d2-007,2_toolusenotinVR,first,4,8,post,Wrist,Wrist,-0.0399,-0.0399,0.2448,Wrist,FALSE
d2-007,2_toolusenotinVR,first,4,9,post,Elbow,Elbow,-0.0442,-0.0442,0.2444,Elbow,FALSE
d2-007,2_toolusenotinVR,first,4,10,post,Forearm,Forearm,-0.0543,-0.0543,0.2443,Forearm,FALSE
d2-007,2_toolusenotinVR,first,4,11,post,Elbow,Elbow,-0.0319,-0.0319,0.2436,Elbow,FALSE
d2-007,2_toolusenotinVR,first,4,12,post,Wrist,Wrist,-0.0726,-0.0726,0.2438,Forearm,FALSE
d2-007,2_toolusenotinVR,first,4,13,post,Elbow,Elbow,-0.0313,-0.0313,0.2432,Elbow,FALSE
d2-007,2_toolusenotinVR,first,4,14,post,Forearm,Forearm,-0.0577,-0.0577,0.2431,Forearm,FALSE
d2-007,2_toolusenotinVR,first,4,15,post,Wrist,Wrist,-0.0802,-0.0802,0.2428,Forearm,FALSE
d2-007,2_toolusenotinVR,first,4,16,post,Forearm,Forearm,-0.0572,-0.0572,0.2428,Forearm,FALSE
d2-007,2_toolusenotinVR,first,4,17,post,Wrist,Wrist,-0.0699,-0.0699,0.2425,Forearm,FALSE
d2-007,2_toolusenotinVR,first,4,18,post,Forearm,Forearm,-0.0436,-0.0436,0.2422,Forearm,FALSE
d2-008,2_toolusenotinVR,pre,1,1,pre,Forearm,Forearm,0.0512,0.0512,0.2278,Forearm,FALSE
d2-008,2_toolusenotinVR,pre,1,2,pre,Elbow,Elbow,0.01,0.01,0.2296,Elbow,FALSE
d2-008,2_toolusenotinVR,pre,1,3,pre,Wrist,Wrist,-0.0478,-0.0478,0.23,Wrist,FALSE
d2-008,2_toolusenotinVR,pre,1,4,pre,Elbow,Elbow,-0.0266,-0.0266,0.2302,Elbow,FALSE
d2-008,2_toolusenotinVR,pre,1,5,pre,Forearm,Elbow,-0.132,-0.0186,0.2301,Elbow,TRUE
d2-008,2_toolusenotinVR,pre,1,6,pre,Wrist,Wrist,-0.0481,-0.0481,0.229,Wrist,FALSE
d2-008,2_toolusenotinVR,pre,1,7,pre,Forearm,Forearm,-0.0459,-0.0459,0.2301,Forearm,FALSE
d2-008,2_toolusenotinVR,pre,1,8,pre,Elbow,Elbow,-0.0746,-0.0746,0.2309,Elbow,FALSE
d2-008,2_toolusenotinVR,pre,1,9,pre,Wrist,Wrist,0.0221,0.0221,0.2306,Wrist,FALSE
d2-008,2_toolusenotinVR,pre,1,10,pre,Elbow,Elbow,-0.0374,-0.0374,0.2305,Elbow,FALSE
d2-008,2_toolusenotinVR,pre,1,11,pre,Wrist,Wrist,-0.0343,-0.0343,0.2305,Wrist,FALSE
d2-008,2_toolusenotinVR,pre,1,12,pre,Forearm,Forearm,-0.0173,-0.0173,0.2305,Forearm,FALSE
d2-008,2_toolusenotinVR,pre,1,13,pre,Elbow,Elbow,-0.0648,-0.0648,0.2307,Elbow,FALSE
d2-008,2_toolusenotinVR,pre,1,14,pre,Wrist,Wrist,0.0711,0.0711,0.2299,Wrist,FALSE
d2-008,2_toolusenotinVR,pre,1,15,pre,Elbow,Elbow,-0.0618,-0.0618,0.2302,Elbow,FALSE
d2-008,2_toolusenotinVR,pre,1,16,pre,Forearm,Forearm,-0.0113,-0.0113,0.2299,Forearm,FALSE
d2-008,2_toolusenotinVR,pre,1,17,pre,Wrist,Wrist,-0.0436,-0.0436,0.2299,Wrist,FALSE
d2-008,2_toolusenotinVR,pre,1,18,pre,Forearm,Elbow,-0.1313,-0.0178,0.2301,Elbow,TRUE
d2-008,2_toolusenotinVR,first,4,1,post,Wrist,Wrist,-0.0498,-0.0498,0.2248,Wrist,FALSE
d2-008,2_toolusenotinVR,first,4,2,post,Forearm,Forearm,-0.0653,-0.0653,0.2265,Elbow,FALSE
d2-008,2_toolusenotinVR,first,4,3,post,Elbow,Elbow,-0.0516,-0.0516,0.2289,Elbow,FALSE
d2-008,2_toolusenotinVR,first,4,4,post,Wrist,Wrist,-0.0288,-0.0288,0.2273,Wrist,FALSE
d2-008,2_toolusenotinVR,first,4,5,post,Elbow,Elbow,-0.0675,-0.0675,0.229,Elbow,FALSE
d2-008,2_toolusenotinVR,first,4,6,post,Forearm,Forearm,-0.0689,-0.0689,0.228,Elbow,FALSE
d2-008,2_toolusenotinVR,first,4,7,post,Elbow,Elbow,-0.0795,-0.0795,0.2289,Elbow,FALSE
d2-008,2_toolusenotinVR,first,4,8,post,Forearm,Forearm,-0.0093,-0.0093,0.2286,Forearm,FALSE
d2-008,2_toolusenotinVR,first,4,9,post,Elbow,Elbow,-0.041,-0.041,0.2285,Elbow,FALSE
d2-008,2_toolusenotinVR,first,4,10,post,Wrist,Wrist,-0.0434,-0.0434,0.227,Wrist,FALSE
d2-008,2_toolusenotinVR,first,4,11,post,Forearm,Forearm,-0.029,-0.029,0.2281,Forearm,FALSE
d2-008,2_toolusenotinVR,first,4,12,post,Elbow,Elbow,-0.0553,-0.0553,0.2285,Elbow,FALSE
d2-008,2_toolusenotinVR,first,4,13,post,Forearm,Forearm,-0.048,-0.048,0.228,Forearm,FALSE
d2-008,2_toolusenotinVR,first,4,14,post,Wrist,Wrist,-0.0291,-0.0291,0.2277,Wrist,FALSE
d2-008,2_toolusenotinVR,first,4,15,post,Forearm,Forearm,-0.0292,-0.0292,0.2282,Forearm,FALSE
d2-008,2_toolusenotinVR,first,4,16,post,Wrist,Wrist,-0.0305,-0.0305,0.2279,Wrist,FALSE
d2-008,2_toolusenotinVR,first,4,17,post,Elbow,Elbow,-0.1269,-0.1269,0.2282,Elbow,FALSE
d2-008,2_toolusenotinVR,first,4,18,post,Wrist,Wrist,0.0024,0.0024,0.2279,Wrist,FALSE
d2-009,2_toolusenotinVR,pre,2,1,pre,Wrist,Wrist,0.0526,0.0526,0.2454,Wrist,FALSE
d2-009,2_toolusenotinVR,pre,2,2,pre,Forearm,Forearm,0.0377,0.0377,0.2461,Forearm,FALSE
d2-009,2_toolusenotinVR,pre,2,3,pre,Elbow,Elbow,0.0268,0.0268,0.2472,Elbow,FALSE
d2-009,2_toolusenotinVR,pre,2,4,pre,Wrist,Wrist,0.014,0.014,0.2487,Wrist,FALSE
d2-009,2_toolusenotinVR,pre,2,5,pre,Elbow,Elbow,-0.0308,-0.0308,0.2506,Elbow,FALSE
d2-009,2_toolusenotinVR,pre,2,6,pre,Wrist,Wrist,0.0039,0.0039,0.2518,Wrist,FALSE
d2-009,2_toolusenotinVR,pre,2,7,pre,Forearm,Forearm,0.0079,0.0079,0.2528,Forearm,FALSE
d2-009,2_toolusenotinVR,pre,2,8,pre,Wrist,Wrist,-0.0102,-0.0102,0.2551,Wrist,FALSE
d2-009,2_toolusenotinVR,pre,2,9,pre,Elbow,Elbow,-0.0421,-0.0421,0.2551,Elbow,FALSE
d2-009,2_toolusenotinVR,pre,2,10,pre,Forearm,Forearm,-0.0166,-0.0166,0.2564,Forearm,FALSE
d2-009,2_toolusenotinVR,pre,2,11,pre,Elbow,Elbow,0.0066,0.0066,0.2566,Elbow,FALSE
d2-009,2_toolusenotinVR,pre,2,12,pre,Forearm,Forearm,-0.0424,-0.0424,0.2573,Forearm,FALSE
d2-009,2_toolusenotinVR,pre,2,13,pre,Wrist,Wrist,0.0046,0.0046,0.2575,Wrist,FALSE
d2-009,2_toolusenotinVR,pre,2,14,pre,Forearm,Forearm,-0.0622,-0.0622,0.2572,Forearm,FALSE
d2-009,2_toolusenotinVR,pre,2,15,pre,Elbow,Elbow,-0.0274,-0.0274,0.2576,Elbow,FALSE
d2-009,2_toolusenotinVR,pre,2,16,pre,Forearm,Forearm,0.0076,0.0076,0.257,Forearm,FALSE
d2-009,2_toolusenotinVR,pre,2,17,pre,Wrist,Wrist,-0.0651,-0.0651,0.257,Forearm,FALSE
d2-009,2_toolusenotinVR,pre,2,18,pre,Elbow,Elbow,-0.0452,-0.0452,0.258,Elbow,FALSE
d2-009,2_toolusenotinVR,second,5,1,post,Forearm,Forearm,0.0202,0.0202,0.232,Forearm,FALSE
d2-009,2_toolusenotinVR,second,5,2,post,Wrist,Wrist,-0.0154,-0.0154,0.2314,Wrist,FALSE
d2-009,2_toolusenotinVR,second,5,3,post,Forearm,Forearm,-0.022,-0.022,0.2317,Forearm,FALSE
d2-009,2_toolusenotinVR,second,5,4,post,Elbow,Elbow,-0.058,-0.058,0.2314,Elbow,FALSE
d2-009,2_toolusenotinVR,second,5,5,post,Forearm,Forearm,-0.0859,-0.0859,0.2311,Elbow,FALSE
d2-009,2_toolusenotinVR,second,5,6,post,Elbow,Elbow,-0.1033,-0.1033,0.2308,Elbow,FALSE
d2-009,2_toolusenotinVR,second,5,7,post,Forearm,Forearm,-0.0996,-0.0996,0.2305,Elbow,FALSE
d2-009,2_toolusenotinVR,second,5,8,post,Elbow,Elbow,-0.0887,-0.0887,0.2301,Elbow,FALSE
d2-009,2_toolusenotinVR,second,5,9,post,Forearm,Forearm,-0.0753,-0.0753,0.2301,Elbow,FALSE
d2-009,2_toolusenotinVR,second,5,10,post,Wrist,Wrist,-0.1041,-0.1041,0.2302,Forearm,FALSE
d2-009,2_toolusenotinVR,second,5,11,post,Elbow,Elbow,-0.0812,-0.0812,0.2306,Elbow,FALSE
d2-009,2_toolusenotinVR,second,5,12,post,Wrist,Wrist,-0.0362,-0.0362,0.2312,Wrist,FALSE
d2-009,2_toolusenotinVR,second,5,13,post,Elbow,Elbow,-0.1111,-0.1111,0.2315,Elbow,FALSE
d2-009,2_toolusenotinVR,second,5,14,post,Wrist,Wrist,-0.0734,-0.0734,0.2311,Forearm,FALSE
d2-009,2_toolusenotinVR,second,5,15,post,Forearm,Forearm,-0.0904,-0.0904,0.231,Elbow,FALSE
d2-009,2_toolusenotinVR,second,5,16,post,Wrist,Elbow,-0.3635,-0.1367,0.2308,Elbow,TRUE
d2-009,2_toolusenotinVR,second,5,17,post,Elbow,Elbow,-0.1314,-0.1314,0.2304,Elbow,FALSE
d2-009,2_toolusenotinVR,second,5,18,post,Wrist,Wrist,-0.0919,-0.0919,0.2295,Forearm,FALSE
d2-010,2_toolusenotinVR,pre,1,1,pre,Elbow,Elbow,-0.0335,-0.0335,0.1976,Elbow,FALSE
d2-010,2_toolusenotinVR,pre,1,2,pre,Wrist,Wrist,0.0212,0.0212,0.1976,Wrist,FALSE
d2-010,2_toolusenotinVR,pre,1,3,pre,Forearm,Forearm,0.0552,0.0552,0.1979,Wrist,FALSE
d2-010,2_toolusenotinVR,pre,1,4,pre,Wrist,Wrist,0.005,0.005,0.1977,Wrist,FALSE
d2-010,2_toolusenotinVR,pre,1,5,pre,Forearm,Forearm,-0.0518,-0.0518,0.1982,Elbow,FALSE
d2-010,2_toolusenotinVR,pre,1,6,pre,Elbow,Elbow,0.0245,0.0245,0.1981,Elbow,FALSE
d2-010,2_toolusenotinVR,pre,1,7,pre,Forearm,Forearm,0.0623,0.0623,0.1982,Wrist,FALSE
d2-010,2_toolusenotinVR,pre,1,8,pre,Wrist,Wrist,0.0051,0.0051,0.1986,Wrist,FALSE
d2-010,2_toolusenotinVR,pre,1,9,pre,Elbow,Elbow,0.0016,0.0016,0.1986,Elbow,FALSE
d2-010,2_toolusenotinVR,pre,1,10,pre,Wrist,Wrist,0.1018,0.1018,0.1988,Wrist,FALSE
d2-010,2_toolusenotinVR,pre,1,11,pre,Forearm,Forearm,0.0576,0.0576,0.1987,Wrist,FALSE
d2-010,2_toolusenotinVR,pre,1,12,pre,Elbow,Elbow,-0.1119,-0.1119,0.1987,Elbow,FALSE
d2-010,2_toolusenotinVR,pre,1,13,pre,Forearm,Forearm,0.064,0.064,0.1987,Wrist,FALSE
d2-010,2_toolusenotinVR,pre,1,14,pre,Wrist,Wrist,-0.0307,-0.0307,0.1987,Wrist,FALSE
d2-010,2_toolusenotinVR,pre,1,15,pre,Elbow,Elbow,-0.0914,-0.0914,0.1989,Elbow,FALSE
d2-010,2_toolusenotinVR,pre,1,16,pre,Wrist,Wrist,0.0877,0.0877,0.1986,Wrist,FALSE
d2-010,2_toolusenotinVR,pre,1,17,pre,Elbow,Elbow,-0.1581,-0.1581,0.1988,Elbow,FALSE
d2-010,2_toolusenotinVR,pre,1,18,pre,Forearm,Forearm,-0.0167,-0.0167,0.199,Forearm,FALSE
d2-010,2_toolusenotinVR,first,4,1,post,Elbow,Elbow,-0.1926,-0.1926,0.1958,Elbow,FALSE
d2-010,2_toolusenotinVR,first,4,2,post,Wrist,Wrist,0.0272,0.0272,0.1966,Wrist,FALSE
d2-010,2_toolusenotinVR,first,4,3,post,Elbow,Elbow,-0.1344,-0.1344,0.1965,Elbow,FALSE
d2-010,2_toolusenotinVR,first,4,4,post,Forearm,Elbow,-0.1336,-0.0357999999999999,0.1971,Elbow,TRUE
d2-010,2_toolusenotinVR,first,4,5,post,Wrist,Wrist,-0.0346,-0.0346,0.1973,Wrist,FALSE
d2-010,2_toolusenotinVR,first,4,6,post,Elbow,Elbow,-0.1409,-0.1409,0.1981,Elbow,FALSE
d2-010,2_toolusenotinVR,first,4,7,post,Forearm,Forearm,-0.0601,-0.0601,0.1984,Elbow,FALSE
d2-010,2_toolusenotinVR,first,4,8,post,Wrist,Wrist,-0.0211,-0.0211,0.1991,Wrist,FALSE
d2-010,2_toolusenotinVR,first,4,9,post,Forearm,Forearm,-0.0363,-0.0363,0.1995,Forearm,FALSE
d2-010,2_toolusenotinVR,first,4,10,post,Wrist,Forearm,-0.1216,-0.0223,0.1998,Forearm,TRUE
d2-010,2_toolusenotinVR,first,4,11,post,Forearm,Elbow,-0.1047,-0.00509999999999999,0.2003,Elbow,TRUE
d2-010,2_toolusenotinVR,first,4,12,post,Elbow,Elbow,-0.1105,-0.1105,0.2014,Elbow,FALSE
d2-010,2_toolusenotinVR,first,4,13,post,Forearm,Forearm,-0.0023,-0.0023,0.2016,Forearm,FALSE
d2-010,2_toolusenotinVR,first,4,14,post,Elbow,Elbow,-0.1478,-0.1478,0.2022,Elbow,FALSE
d2-010,2_toolusenotinVR,first,4,15,post,Forearm,Forearm,1e-04,1e-04,0.2026,Forearm,FALSE
d2-010,2_toolusenotinVR,first,4,16,post,Wrist,Wrist,-0.0123,-0.0123,0.2031,Wrist,FALSE
d2-010,2_toolusenotinVR,first,4,17,post,Elbow,Elbow,-0.1223,-0.1223,0.2036,Elbow,FALSE
d2-010,2_toolusenotinVR,first,4,18,post,Wrist,Wrist,-0.0468,-0.0468,0.2037,Wrist,FALSE
d2-011,2_toolusenotinVR,pre,2,1,pre,Forearm,Forearm,-0.1016,-0.1016,0.215,Elbow,FALSE
d2-011,2_toolusenotinVR,pre,2,2,pre,Elbow,Elbow,-0.0844,-0.0844,0.2147,Elbow,FALSE
d2-011,2_toolusenotinVR,pre,2,3,pre,Wrist,Wrist,-0.0015,-0.0015,0.215,Wrist,FALSE
d2-011,2_toolusenotinVR,pre,2,4,pre,Elbow,Elbow,-0.1034,-0.1034,0.2152,Elbow,FALSE
d2-011,2_toolusenotinVR,pre,2,5,pre,Forearm,Forearm,-0.0674,-0.0674,0.2146,Elbow,FALSE
d2-011,2_toolusenotinVR,pre,2,6,pre,Elbow,Elbow,-0.1032,-0.1032,0.2146,Elbow,FALSE
d2-011,2_toolusenotinVR,pre,2,7,pre,Wrist,Wrist,-0.0335,-0.0335,0.2144,Wrist,FALSE
d2-011,2_toolusenotinVR,pre,2,8,pre,Elbow,Wrist,0.1581,-0.0523,0.2143,Wrist,TRUE
d2-011,2_toolusenotinVR,pre,2,9,pre,Wrist,Wrist,0.0063,0.0063,0.2145,Wrist,FALSE
d2-011,2_toolusenotinVR,pre,2,10,pre,Forearm,Forearm,-0.0363,-0.0363,0.2149,Forearm,FALSE
d2-011,2_toolusenotinVR,pre,2,11,pre,Wrist,Wrist,-0.0131,-0.0131,0.2148,Wrist,FALSE
d2-011,2_toolusenotinVR,pre,2,12,pre,Elbow,Elbow,-0.0609,-0.0609,0.2147,Elbow,FALSE
d2-011,2_toolusenotinVR,pre,2,13,pre,Forearm,Forearm,-0.0274,-0.0274,0.2149,Forearm,FALSE
d2-011,2_toolusenotinVR,pre,2,14,pre,Wrist,Wrist,-0.0183,-0.0183,0.2147,Wrist,FALSE
d2-011,2_toolusenotinVR,pre,2,15,pre,Forearm,Forearm,-0.1035,-0.1035,0.2149,Elbow,FALSE
d2-011,2_toolusenotinVR,pre,2,16,pre,Wrist,Wrist,-0.0371,-0.0371,0.215,Wrist,FALSE
d2-011,2_toolusenotinVR,pre,2,17,pre,Forearm,Forearm,-0.0474,-0.0474,0.215,Forearm,FALSE
d2-011,2_toolusenotinVR,pre,2,18,pre,Elbow,Elbow,-0.0696,-0.0696,0.2149,Elbow,FALSE
d2-011,2_toolusenotinVR,first,4,1,post,Wrist,Elbow,-0.3214,-0.1083,0.2161,Elbow,TRUE
d2-011,2_toolusenotinVR,first,4,2,post,Elbow,Elbow,-0.0366,-0.0366,0.2172,Elbow,FALSE
d2-011,2_toolusenotinVR,first,4,3,post,Forearm,Forearm,-0.0565,-0.0565,0.2178,Elbow,FALSE
d2-011,2_toolusenotinVR,first,4,4,post,Wrist,Wrist,-0.0322,-0.0322,0.2179,Wrist,FALSE
d2-011,2_toolusenotinVR,first,4,5,post,Forearm,Forearm,-0.0499,-0.0499,0.2182,Forearm,FALSE
d2-011,2_toolusenotinVR,first,4,6,post,Elbow,Elbow,-0.0513,-0.0513,0.2183,Elbow,FALSE
d2-011,2_toolusenotinVR,first,4,7,post,Forearm,Forearm,-0.0695,-0.0695,0.2185,Elbow,FALSE
d2-011,2_toolusenotinVR,first,4,8,post,Elbow,Elbow,-0.1043,-0.1043,0.2188,Elbow,FALSE
d2-011,2_toolusenotinVR,first,4,9,post,Wrist,Wrist,-0.0213,-0.0213,0.219,Wrist,FALSE
d2-011,2_toolusenotinVR,first,4,10,post,Elbow,Elbow,-0.0461,-0.0461,0.2191,Elbow,FALSE
d2-011,2_toolusenotinVR,first,4,11,post,Forearm,Forearm,-0.0664,-0.0664,0.2195,Elbow,FALSE
d2-011,2_toolusenotinVR,first,4,12,post,Wrist,Wrist,-0.0513,-0.0513,0.2197,Wrist,FALSE
d2-011,2_toolusenotinVR,first,4,13,post,Elbow,Elbow,-0.0607,-0.0607,0.22,Elbow,FALSE
d2-011,2_toolusenotinVR,first,4,14,post,Wrist,Wrist,-0.0572,-0.0572,0.22,Forearm,FALSE
d2-011,2_toolusenotinVR,first,4,15,post,Forearm,Forearm,-0.0777,-0.0777,0.2201,Elbow,FALSE
d2-011,2_toolusenotinVR,first,4,16,post,Elbow,Elbow,-0.0357,-0.0357,0.2201,Elbow,FALSE
d2-011,2_toolusenotinVR,first,4,17,post,Forearm,Forearm,-0.0258,-0.0258,0.2207,Forearm,FALSE
d2-011,2_toolusenotinVR,first,4,18,post,Wrist,Wrist,-0.0306,-0.0306,0.221,Wrist,FALSE
d2-012,2_toolusenotinVR,pre,1,1,pre,Elbow,Elbow,-0.033,-0.033,0.2273,Elbow,FALSE
d2-012,2_toolusenotinVR,pre,1,2,pre,Forearm,Forearm,0.0117,0.0117,0.2267,Forearm,FALSE
d2-012,2_toolusenotinVR,pre,1,3,pre,Elbow,Elbow,-0.0118,-0.0118,0.2273,Elbow,FALSE
d2-012,2_toolusenotinVR,pre,1,4,pre,Forearm,Forearm,-0.0075,-0.0075,0.2266,Forearm,FALSE
d2-012,2_toolusenotinVR,pre,1,5,pre,Elbow,Elbow,-0.0676,-0.0676,0.2269,Elbow,FALSE
d2-012,2_toolusenotinVR,pre,1,6,pre,Wrist,Wrist,-0.0808,-0.0808,0.2265,Forearm,FALSE
d2-012,2_toolusenotinVR,pre,1,7,pre,Forearm,Forearm,-0.0351,-0.0351,0.2266,Forearm,FALSE
d2-012,2_toolusenotinVR,pre,1,8,pre,Wrist,Wrist,-0.0577,-0.0577,0.2265,Forearm,FALSE
d2-012,2_toolusenotinVR,pre,1,9,pre,Forearm,Forearm,-0.0488,-0.0488,0.2265,Forearm,FALSE
d2-012,2_toolusenotinVR,pre,1,10,pre,Wrist,Wrist,-0.0805,-0.0805,0.2267,Forearm,FALSE
d2-012,2_toolusenotinVR,pre,1,11,pre,Forearm,Forearm,0.038,0.038,0.227,Forearm,FALSE
d2-012,2_toolusenotinVR,pre,1,12,pre,Elbow,Elbow,0.0239,0.0239,0.2274,Elbow,FALSE
d2-012,2_toolusenotinVR,pre,1,13,pre,Wrist,Wrist,-0.026,-0.026,0.2272,Wrist,FALSE
d2-012,2_toolusenotinVR,pre,1,14,pre,Elbow,Elbow,-0.0523,-0.0523,0.2272,Elbow,FALSE
d2-012,2_toolusenotinVR,pre,1,15,pre,Wrist,Wrist,-0.0597,-0.0597,0.2271,Forearm,FALSE
d2-012,2_toolusenotinVR,pre,1,16,pre,Elbow,Elbow,-0.0277,-0.0277,0.2272,Elbow,FALSE
d2-012,2_toolusenotinVR,pre,1,17,pre,Wrist,Wrist,-0.0662,-0.0662,0.2264,Forearm,FALSE
d2-012,2_toolusenotinVR,pre,1,18,pre,Forearm,Forearm,-0.0544,-0.0544,0.2263,Forearm,FALSE
d2-012,2_toolusenotinVR,second,5,1,post,Elbow,Elbow,0.0073,0.0073,0.231,Elbow,FALSE
d2-012,2_toolusenotinVR,second,5,2,post,Forearm,Forearm,-0.0553,-0.0553,0.2308,Forearm,FALSE
d2-012,2_toolusenotinVR,second,5,3,post,Elbow,Elbow,0.008,0.008,0.2307,Elbow,FALSE
d2-012,2_toolusenotinVR,second,5,4,post,Forearm,Forearm,-0.0846,-0.0846,0.231,Elbow,FALSE
d2-012,2_toolusenotinVR,second,5,5,post,Wrist,Wrist,-0.0507,-0.0507,0.2307,Wrist,FALSE
d2-012,2_toolusenotinVR,second,5,6,post,Elbow,Elbow,-0.0853,-0.0853,0.2307,Elbow,FALSE
d2-012,2_toolusenotinVR,second,5,7,post,Wrist,Wrist,-0.0112,-0.0112,0.2306,Wrist,FALSE
d2-012,2_toolusenotinVR,second,5,8,post,Forearm,Forearm,0.0207,0.0207,0.2304,Forearm,FALSE
d2-012,2_toolusenotinVR,second,5,9,post,Wrist,Wrist,-0.018,-0.018,0.23,Wrist,FALSE
d2-012,2_toolusenotinVR,second,5,10,post,Elbow,Elbow,0.0168,0.0168,0.2305,Elbow,FALSE
d2-012,2_toolusenotinVR,second,5,11,post,Wrist,Wrist,-0.0943,-0.0943,0.2307,Forearm,FALSE
d2-012,2_toolusenotinVR,second,5,12,post,Forearm,Forearm,-0.0093,-0.0093,0.2304,Forearm,FALSE
d2-012,2_toolusenotinVR,second,5,13,post,Wrist,Wrist,-0.0444,-0.0444,0.2308,Wrist,FALSE
d2-012,2_toolusenotinVR,second,5,14,post,Forearm,Forearm,-0.007,-0.007,0.2306,Forearm,FALSE
d2-012,2_toolusenotinVR,second,5,15,post,Elbow,Elbow,0.0254,0.0254,0.2304,Elbow,FALSE
d2-012,2_toolusenotinVR,second,5,16,post,Wrist,Wrist,-0.0589,-0.0589,0.2305,Forearm,FALSE
d2-012,2_toolusenotinVR,second,5,17,post,Elbow,Elbow,-0.0123,-0.0123,0.2312,Elbow,FALSE
d2-012,2_toolusenotinVR,second,5,18,post,Forearm,Forearm,-0.0022,-0.0022,0.231,Forearm,FALSE
d2-013,2_toolusenotinVR,pre,2,1,pre,Forearm,Forearm,0.0425,0.0425,0.2601,Forearm,FALSE
d2-013,2_toolusenotinVR,pre,2,2,pre,Elbow,Elbow,-0.0891,-0.0891,0.2599,Elbow,FALSE
d2-013,2_toolusenotinVR,pre,2,3,pre,Forearm,Forearm,-0.0535,-0.0535,0.2604,Forearm,FALSE
d2-013,2_toolusenotinVR,pre,2,4,pre,Wrist,Wrist,-0.1114,-0.1114,0.2604,Forearm,FALSE
d2-013,2_toolusenotinVR,pre,2,5,pre,Forearm,Forearm,-0.0558,-0.0558,0.26,Forearm,FALSE
d2-013,2_toolusenotinVR,pre,2,6,pre,Elbow,Elbow,-0.1236,-0.1236,0.2607,Elbow,FALSE
d2-013,2_toolusenotinVR,pre,2,7,pre,Forearm,Forearm,0.0089,0.0089,0.2608,Forearm,FALSE
d2-013,2_toolusenotinVR,pre,2,8,pre,Wrist,Wrist,-0.1039,-0.1039,0.2606,Forearm,FALSE
d2-013,2_toolusenotinVR,pre,2,9,pre,Forearm,Forearm,-0.0966,-0.0966,0.2607,Elbow,FALSE
d2-013,2_toolusenotinVR,pre,2,10,pre,Wrist,Wrist,-0.0768,-0.0768,0.2606,Forearm,FALSE
d2-013,2_toolusenotinVR,pre,2,11,pre,Elbow,Elbow,-0.1548,-0.1548,0.2608,Elbow,FALSE
d2-013,2_toolusenotinVR,pre,2,12,pre,Wrist,Wrist,-0.0759,-0.0759,0.2612,Forearm,FALSE
d2-013,2_toolusenotinVR,pre,2,13,pre,Forearm,Forearm,-0.0361,-0.0361,0.2613,Forearm,FALSE
d2-013,2_toolusenotinVR,pre,2,14,pre,Elbow,Elbow,-0.1203,-0.1203,0.2614,Elbow,FALSE
d2-013,2_toolusenotinVR,pre,2,15,pre,Wrist,Wrist,-0.1202,-0.1202,0.2619,Forearm,FALSE
d2-013,2_toolusenotinVR,pre,2,16,pre,Elbow,Elbow,-0.1455,-0.1455,0.2618,Elbow,FALSE
d2-013,2_toolusenotinVR,pre,2,17,pre,Wrist,Wrist,-0.0202,-0.0202,0.2617,Wrist,FALSE
d2-013,2_toolusenotinVR,pre,2,18,pre,Elbow,Elbow,-0.1522,-0.1522,0.2615,Elbow,FALSE
d2-013,2_toolusenotinVR,first,4,1,post,Forearm,Forearm,0.0224,0.0224,0.2456,Forearm,FALSE
d2-013,2_toolusenotinVR,first,4,2,post,Elbow,Elbow,-0.0135,-0.0135,0.2454,Elbow,FALSE
d2-013,2_toolusenotinVR,first,4,3,post,Wrist,Wrist,-0.0661,-0.0661,0.2454,Forearm,FALSE
d2-013,2_toolusenotinVR,first,4,4,post,Elbow,Elbow,-0.026,-0.026,0.2449,Elbow,FALSE
d2-013,2_toolusenotinVR,first,4,5,post,Wrist,Wrist,-0.1121,-0.1121,0.2451,Forearm,FALSE
d2-013,2_toolusenotinVR,first,4,6,post,Forearm,Forearm,-0.0585,-0.0585,0.2449,Forearm,FALSE
d2-013,2_toolusenotinVR,first,4,7,post,Wrist,Wrist,-0.0879,-0.0879,0.2447,Forearm,FALSE
d2-013,2_toolusenotinVR,first,4,8,post,Forearm,Forearm,-0.0546,-0.0546,0.2446,Forearm,FALSE
d2-013,2_toolusenotinVR,first,4,9,post,Wrist,Wrist,-0.0872,-0.0872,0.2443,Forearm,FALSE
d2-013,2_toolusenotinVR,first,4,10,post,Elbow,Elbow,-0.0162,-0.0162,0.2444,Elbow,FALSE
d2-013,2_toolusenotinVR,first,4,11,post,Forearm,Forearm,-0.0096,-0.0096,0.2445,Forearm,FALSE
d2-013,2_toolusenotinVR,first,4,12,post,Elbow,Elbow,-0.0151,-0.0151,0.2445,Elbow,FALSE
d2-013,2_toolusenotinVR,first,4,13,post,Forearm,Forearm,-0.0443,-0.0443,0.244,Forearm,FALSE
d2-013,2_toolusenotinVR,first,4,14,post,Wrist,Wrist,-0.1088,-0.1088,0.2439,Forearm,FALSE
d2-013,2_toolusenotinVR,first,4,15,post,Forearm,Forearm,-0.1018,-0.1018,0.2443,Elbow,FALSE
d2-013,2_toolusenotinVR,first,4,16,post,Elbow,Elbow,-0.0436,-0.0436,0.2446,Elbow,FALSE
d2-013,2_toolusenotinVR,first,4,17,post,Wrist,Wrist,-0.1076,-0.1076,0.2446,Forearm,FALSE
d2-013,2_toolusenotinVR,first,4,18,post,Elbow,Elbow,-0.0581,-0.0581,0.2453,Elbow,FALSE
d2-014,2_toolusenotinVR,pre,2,1,pre,Elbow,Elbow,-0.057,-0.057,0.2474,Elbow,FALSE
d2-014,2_toolusenotinVR,pre,2,2,pre,Wrist,Wrist,-0.0071,-0.0071,0.2471,Wrist,FALSE
d2-014,2_toolusenotinVR,pre,2,3,pre,Elbow,Elbow,-0.0857,-0.0857,0.2486,Elbow,FALSE
d2-014,2_toolusenotinVR,pre,2,4,pre,Forearm,Forearm,-0.0813,-0.0813,0.2491,Elbow,FALSE
d2-014,2_toolusenotinVR,pre,2,5,pre,Wrist,Wrist,-0.0727,-0.0727,0.2491,Forearm,FALSE
d2-014,2_toolusenotinVR,pre,2,6,pre,Forearm,Forearm,-0.0752,-0.0752,0.2495,Elbow,FALSE
d2-014,2_toolusenotinVR,pre,2,7,pre,Elbow,Elbow,-0.0852,-0.0852,0.2498,Elbow,FALSE
d2-014,2_toolusenotinVR,pre,2,8,pre,Wrist,Wrist,-0.119,-0.119,0.2497,Forearm,FALSE
d2-014,2_toolusenotinVR,pre,2,9,pre,Elbow,Elbow,-0.0858,-0.0858,0.2502,Elbow,FALSE
d2-014,2_toolusenotinVR,pre,2,10,pre,Forearm,Forearm,-0.0745,-0.0745,0.2501,Elbow,FALSE
d2-014,2_toolusenotinVR,pre,2,11,pre,Wrist,Wrist,-0.0938,-0.0938,0.2501,Forearm,FALSE
d2-014,2_toolusenotinVR,pre,2,12,pre,Forearm,Forearm,-0.066,-0.066,0.25,Elbow,FALSE
d2-014,2_toolusenotinVR,pre,2,13,pre,Elbow,Elbow,-0.0267,-0.0267,0.2499,Elbow,FALSE
d2-014,2_toolusenotinVR,pre,2,14,pre,Wrist,Wrist,-0.0857,-0.0857,0.2502,Forearm,FALSE
d2-014,2_toolusenotinVR,pre,2,15,pre,Elbow,Elbow,-0.0245,-0.0245,0.2502,Elbow,FALSE
d2-014,2_toolusenotinVR,pre,2,16,pre,Forearm,Forearm,-0.0848,-0.0848,0.2503,Elbow,FALSE
d2-014,2_toolusenotinVR,pre,2,17,pre,Wrist,Wrist,-0.0632,-0.0632,0.2499,Forearm,FALSE
d2-014,2_toolusenotinVR,pre,2,18,pre,Forearm,Forearm,-0.0376,-0.0376,0.2506,Forearm,FALSE
d2-014,2_toolusenotinVR,second,5,1,post,Elbow,Elbow,-0.0102,-0.0102,0.2482,Elbow,FALSE
d2-014,2_toolusenotinVR,second,5,2,post,Forearm,Forearm,-0.0618,-0.0618,0.2482,Elbow,FALSE
d2-014,2_toolusenotinVR,second,5,3,post,Wrist,Wrist,-0.0517,-0.0517,0.2489,Wrist,FALSE
d2-014,2_toolusenotinVR,second,5,4,post,Elbow,Elbow,-0.0396,-0.0396,0.249,Elbow,FALSE
d2-014,2_toolusenotinVR,second,5,5,post,Wrist,Wrist,-0.0699,-0.0699,0.2496,Forearm,FALSE
d2-014,2_toolusenotinVR,second,5,6,post,Forearm,Forearm,-0.0451,-0.0451,0.2501,Forearm,FALSE
d2-014,2_toolusenotinVR,second,5,7,post,Elbow,Elbow,-0.0243,-0.0243,0.2502,Elbow,FALSE
d2-014,2_toolusenotinVR,second,5,8,post,Forearm,Forearm,-0.0353,-0.0353,0.2505,Forearm,FALSE
d2-014,2_toolusenotinVR,second,5,9,post,Wrist,Wrist,-0.083,-0.083,0.2502,Forearm,FALSE
d2-014,2_toolusenotinVR,second,5,10,post,Elbow,Elbow,-0.0541,-0.0541,0.25,Elbow,FALSE
d2-014,2_toolusenotinVR,second,5,11,post,Wrist,Wrist,-0.0954,-0.0954,0.2489,Forearm,FALSE
d2-014,2_toolusenotinVR,second,5,12,post,Forearm,Forearm,-0.0724,-0.0724,0.2498,Elbow,FALSE
d2-014,2_toolusenotinVR,second,5,13,post,Wrist,Wrist,-0.0262,-0.0262,0.2498,Wrist,FALSE
d2-014,2_toolusenotinVR,second,5,14,post,Elbow,Elbow,-0.0352,-0.0352,0.2506,Elbow,FALSE
d2-014,2_toolusenotinVR,second,5,15,post,Wrist,Wrist,-0.0401,-0.0401,0.2512,Wrist,FALSE
d2-014,2_toolusenotinVR,second,5,16,post,Forearm,Forearm,-0.0362,-0.0362,0.2521,Forearm,FALSE
d2-014,2_toolusenotinVR,second,5,17,post,Elbow,Elbow,-0.0726,-0.0726,0.2518,Elbow,FALSE
d2-014,2_toolusenotinVR,second,5,18,post,Forearm,Forearm,-0.0485,-0.0485,0.2524,Forearm,FALSE
d2-015,2_toolusenotinVR,pre,2,1,pre,Wrist,Wrist,0.1456,0.1456,0.2024,Wrist,FALSE
d2-015,2_toolusenotinVR,pre,2,2,pre,Elbow,Elbow,-0.0681,-0.0681,0.2018,Elbow,FALSE
d2-015,2_toolusenotinVR,pre,2,3,pre,Forearm,Forearm,0.0055,0.0055,0.2015,Forearm,FALSE
d2-015,2_toolusenotinVR,pre,2,4,pre,Wrist,Wrist,0.0841,0.0841,0.2015,Wrist,FALSE
d2-015,2_toolusenotinVR,pre,2,5,pre,Elbow,Elbow,-0.0468,-0.0468,0.2014,Elbow,FALSE
d2-015,2_toolusenotinVR,pre,2,6,pre,Wrist,Wrist,0.0524,0.0524,0.2013,Wrist,FALSE
d2-015,2_toolusenotinVR,pre,2,7,pre,Forearm,Forearm,0.06,0.06,0.2015,Wrist,FALSE
d2-015,2_toolusenotinVR,pre,2,8,pre,Elbow,Elbow,-0.0809,-0.0809,0.2013,Elbow,FALSE
d2-015,2_toolusenotinVR,pre,2,9,pre,Forearm,Forearm,-0.0047,-0.0047,0.2008,Forearm,FALSE
d2-015,2_toolusenotinVR,pre,2,10,pre,Elbow,Elbow,-0.0904,-0.0904,0.201,Elbow,FALSE
d2-015,2_toolusenotinVR,pre,2,11,pre,Forearm,Forearm,0.0798,0.0798,0.2007,Wrist,FALSE
d2-015,2_toolusenotinVR,pre,2,12,pre,Wrist,Wrist,0.1274,0.1274,0.2006,Wrist,FALSE
d2-015,2_toolusenotinVR,pre,2,13,pre,Elbow,Elbow,-0.0485,-0.0485,0.2009,Elbow,FALSE
d2-015,2_toolusenotinVR,pre,2,14,pre,Wrist,Wrist,0.1024,0.1024,0.2011,Wrist,FALSE
d2-015,2_toolusenotinVR,pre,2,15,pre,Forearm,Forearm,0.0235,0.0235,0.2012,Forearm,FALSE
d2-015,2_toolusenotinVR,pre,2,16,pre,Wrist,Wrist,0.0962,0.0962,0.2013,Wrist,FALSE
d2-015,2_toolusenotinVR,pre,2,17,pre,Elbow,Elbow,-0.0905,-0.0905,0.2018,Elbow,FALSE
d2-015,2_toolusenotinVR,pre,2,18,pre,Forearm,Forearm,0.0896,0.0896,0.2017,Wrist,FALSE
d2-015,2_toolusenotinVR,second,5,1,post,Forearm,Forearm,0.0346,0.0346,0.1975,Forearm,FALSE
d2-015,2_toolusenotinVR,second,5,2,post,Elbow,Elbow,-0.0733,-0.0733,0.1973,Elbow,FALSE
d2-015,2_toolusenotinVR,second,5,3,post,Wrist,Wrist,0.0612,0.0612,0.1967,Wrist,FALSE
d2-015,2_toolusenotinVR,second,5,4,post,Forearm,Forearm,0.0488,0.0488,0.1962,Wrist,FALSE
d2-015,2_toolusenotinVR,second,5,5,post,Wrist,Wrist,0.1067,0.1067,0.1958,Wrist,FALSE
d2-015,2_toolusenotinVR,second,5,6,post,Forearm,Forearm,0.0135,0.0135,0.1956,Forearm,FALSE
d2-015,2_toolusenotinVR,second,5,7,post,Wrist,Wrist,0.0679,0.0679,0.1953,Wrist,FALSE
d2-015,2_toolusenotinVR,second,5,8,post,Elbow,Elbow,-0.067,-0.067,0.1956,Elbow,FALSE
d2-015,2_toolusenotinVR,second,5,9,post,Wrist,Wrist,0.0877,0.0877,0.1949,Wrist,FALSE
d2-015,2_toolusenotinVR,second,5,10,post,Elbow,Elbow,-0.1053,-0.1053,0.195,Elbow,FALSE
d2-015,2_toolusenotinVR,second,5,11,post,Forearm,Forearm,0.0284,0.0284,0.1948,Forearm,FALSE
d2-015,2_toolusenotinVR,second,5,12,post,Wrist,Wrist,0.0683,0.0683,0.1943,Wrist,FALSE
d2-015,2_toolusenotinVR,second,5,13,post,Elbow,Elbow,-0.0238,-0.0238,0.1944,Elbow,FALSE
d2-015,2_toolusenotinVR,second,5,14,post,Forearm,Forearm,0.0621,0.0621,0.194,Wrist,FALSE
d2-015,2_toolusenotinVR,second,5,15,post,Elbow,Elbow,-0.0931,-0.0931,0.194,Elbow,FALSE
d2-015,2_toolusenotinVR,second,5,16,post,Forearm,Forearm,0.0165,0.0165,0.1939,Forearm,FALSE
d2-015,2_toolusenotinVR,second,5,17,post,Elbow,Elbow,-0.0623,-0.0623,0.1931,Elbow,FALSE
d2-015,2_toolusenotinVR,second,5,18,post,Wrist,Wrist,0.088,0.088,0.1929,Wrist,FALSE
d2-016,2_toolusenotinVR,pre,1,1,pre,Elbow,Elbow,-0.089,-0.089,0.1738,Elbow,FALSE
d2-016,2_toolusenotinVR,pre,1,2,pre,Forearm,Elbow,-0.093,-0.0081,0.1738,Elbow,TRUE
d2-016,2_toolusenotinVR,pre,1,3,pre,Elbow,Elbow,-0.1137,-0.1137,0.1743,Elbow,FALSE
d2-016,2_toolusenotinVR,pre,1,4,pre,Wrist,Wrist,-0.0721,-0.0721,0.1741,Forearm,FALSE
d2-016,2_toolusenotinVR,pre,1,5,pre,Forearm,Elbow,-0.0905,-0.00559999999999994,0.1741,Elbow,TRUE
d2-016,2_toolusenotinVR,pre,1,6,pre,Wrist,Wrist,-0.0568,-0.0568,0.1742,Forearm,FALSE
d2-016,2_toolusenotinVR,pre,1,7,pre,Forearm,Elbow,-0.1027,-0.0179999999999999,0.174,Elbow,TRUE
d2-016,2_toolusenotinVR,pre,1,8,pre,Elbow,Elbow,-0.1256,-0.1256,0.1744,Elbow,FALSE
d2-016,2_toolusenotinVR,pre,1,9,pre,Wrist,Forearm,-0.0887,-0.004,0.1739,Forearm,TRUE
d2-016,2_toolusenotinVR,pre,1,10,pre,Forearm,Forearm,-0.0534,-0.0534,0.1738,Elbow,FALSE
d2-016,2_toolusenotinVR,pre,1,11,pre,Wrist,Forearm,-0.0897,-0.00519999999999998,0.1736,Forearm,TRUE
d2-016,2_toolusenotinVR,pre,1,12,pre,Elbow,Elbow,-0.1245,-0.1245,0.1735,Elbow,FALSE
d2-016,2_toolusenotinVR,pre,1,13,pre,Forearm,Forearm,0.0327,0.0327,0.1734,Forearm,FALSE
d2-016,2_toolusenotinVR,pre,1,14,pre,Wrist,Forearm,-0.1033,-0.0188999999999999,0.1733,Forearm,TRUE
d2-016,2_toolusenotinVR,pre,1,15,pre,Elbow,Elbow,-0.1516,-0.1516,0.1733,Elbow,FALSE
d2-016,2_toolusenotinVR,pre,1,16,pre,Wrist,Forearm,-0.1138,-0.0294,0.1733,Forearm,TRUE
d2-016,2_toolusenotinVR,pre,1,17,pre,Forearm,Forearm,-0.0796,-0.0796,0.1733,Elbow,FALSE
d2-016,2_toolusenotinVR,pre,1,18,pre,Elbow,Elbow,-0.1846,-0.1846,0.1735,Elbow,FALSE
d2-016,2_toolusenotinVR,first,4,1,post,Wrist,Forearm,-0.1167,-0.0293,0.1801,Forearm,TRUE
d2-016,2_toolusenotinVR,first,4,2,post,Elbow,Elbow,-0.1211,-0.1211,0.1812,Elbow,FALSE
d2-016,2_toolusenotinVR,first,4,3,post,Forearm,Forearm,-0.0469,-0.0469,0.1818,Elbow,FALSE
d2-016,2_toolusenotinVR,first,4,4,post,Wrist,Wrist,-0.0901,-0.0901,0.1818,Forearm,FALSE
d2-016,2_toolusenotinVR,first,4,5,post,Elbow,Elbow,-0.1258,-0.1258,0.1826,Elbow,FALSE
d2-016,2_toolusenotinVR,first,4,6,post,Wrist,Wrist,-0.0906,-0.0906,0.1824,Forearm,FALSE
d2-016,2_toolusenotinVR,first,4,7,post,Forearm,Elbow,-0.0979,-0.00890000000000002,0.1825,Elbow,TRUE
d2-016,2_toolusenotinVR,first,4,8,post,Wrist,Elbow,-0.1492,0.029,0.1828,Elbow,TRUE
d2-016,2_toolusenotinVR,first,4,9,post,Elbow,Elbow,-0.1226,-0.1226,0.183,Elbow,FALSE
d2-016,2_toolusenotinVR,first,4,10,post,Wrist,Wrist,-0.0414,-0.0414,0.1831,Wrist,FALSE
d2-016,2_toolusenotinVR,first,4,11,post,Forearm,Forearm,-0.0698,-0.0698,0.1831,Elbow,FALSE
d2-016,2_toolusenotinVR,first,4,12,post,Elbow,Elbow,-0.0895,-0.0895,0.1834,Elbow,FALSE
d2-016,2_toolusenotinVR,first,4,13,post,Forearm,Elbow,-0.1135,-0.0242,0.1829,Elbow,TRUE
d2-016,2_toolusenotinVR,first,4,14,post,Elbow,Elbow,-0.1432,-0.1432,0.1832,Elbow,FALSE
d2-016,2_toolusenotinVR,first,4,15,post,Forearm,Forearm,-0.0608,-0.0608,0.1831,Elbow,FALSE
d2-016,2_toolusenotinVR,first,4,16,post,Wrist,Wrist,-0.0403,-0.0403,0.1833,Wrist,FALSE
d2-016,2_toolusenotinVR,first,4,17,post,Elbow,Elbow,-0.1335,-0.1335,0.184,Elbow,FALSE
d2-016,2_toolusenotinVR,first,4,18,post,Forearm,Forearm,-0.0354,-0.0354,0.1842,Forearm,FALSE
d2-017,2_toolusenotinVR,pre,2,1,pre,Forearm,Forearm,0.0318,0.0318,0.2255,Forearm,FALSE
d2-017,2_toolusenotinVR,pre,2,2,pre,Wrist,Wrist,0.0696,0.0696,0.2261,Wrist,FALSE
d2-017,2_toolusenotinVR,pre,2,3,pre,Forearm,Forearm,0.0314,0.0314,0.2269,Forearm,FALSE
d2-017,2_toolusenotinVR,pre,2,4,pre,Elbow,Elbow,-0.0595,-0.0595,0.2279,Elbow,FALSE
d2-017,2_toolusenotinVR,pre,2,5,pre,Wrist,Wrist,0.0047,0.0047,0.228,Wrist,FALSE
d2-017,2_toolusenotinVR,pre,2,6,pre,Elbow,Elbow,-0.0582,-0.0582,0.2284,Elbow,FALSE
d2-017,2_toolusenotinVR,pre,2,7,pre,Forearm,Forearm,-0.0498,-0.0498,0.2286,Forearm,FALSE
d2-017,2_toolusenotinVR,pre,2,8,pre,Wrist,Wrist,0.0233,0.0233,0.2288,Wrist,FALSE
d2-017,2_toolusenotinVR,pre,2,9,pre,Forearm,Forearm,-0.04,-0.04,0.2289,Forearm,FALSE
d2-017,2_toolusenotinVR,pre,2,10,pre,Wrist,Wrist,0.0537,0.0537,0.2289,Wrist,FALSE
d2-017,2_toolusenotinVR,pre,2,11,pre,Elbow,Elbow,-0.0473,-0.0473,0.2293,Elbow,FALSE
d2-017,2_toolusenotinVR,pre,2,12,pre,Forearm,Forearm,0.0198,0.0198,0.2283,Forearm,FALSE
d2-017,2_toolusenotinVR,pre,2,13,pre,Elbow,Elbow,-0.0352,-0.0352,0.228,Elbow,FALSE
d2-017,2_toolusenotinVR,pre,2,14,pre,Wrist,Wrist,0.0526,0.0526,0.2281,Wrist,FALSE
d2-017,2_toolusenotinVR,pre,2,15,pre,Elbow,Elbow,-0.0839,-0.0839,0.2288,Elbow,FALSE
d2-017,2_toolusenotinVR,pre,2,16,pre,Wrist,Wrist,-0.0357,-0.0357,0.2285,Wrist,FALSE
d2-017,2_toolusenotinVR,pre,2,17,pre,Forearm,Forearm,-0.0575,-0.0575,0.229,Elbow,FALSE
d2-017,2_toolusenotinVR,pre,2,18,pre,Elbow,Elbow,-0.1108,-0.1108,0.2291,Elbow,FALSE
d2-017,2_toolusenotinVR,second,5,1,post,Wrist,Wrist,0.0717,0.0717,0.2289,Wrist,FALSE
d2-017,2_toolusenotinVR,second,5,2,post,Elbow,Elbow,-0.0581,-0.0581,0.2287,Elbow,FALSE
d2-017,2_toolusenotinVR,second,5,3,post,Forearm,Forearm,-0.003,-0.003,0.2287,Forearm,FALSE
d2-017,2_toolusenotinVR,second,5,4,post,Elbow,Elbow,-0.0322,-0.0322,0.2291,Elbow,FALSE
d2-017,2_toolusenotinVR,second,5,5,post,Wrist,Wrist,0.0321,0.0321,0.2287,Wrist,FALSE
d2-017,2_toolusenotinVR,second,5,6,post,Elbow,Elbow,-0.1001,-0.1001,0.229,Elbow,FALSE
d2-017,2_toolusenotinVR,second,5,7,post,Forearm,Forearm,-0.0245,-0.0245,0.229,Forearm,FALSE
d2-017,2_toolusenotinVR,second,5,8,post,Wrist,Wrist,-0.0289,-0.0289,0.229,Wrist,FALSE
d2-017,2_toolusenotinVR,second,5,9,post,Elbow,Elbow,-0.0718,-0.0718,0.2291,Elbow,FALSE
d2-017,2_toolusenotinVR,second,5,10,post,Wrist,Wrist,0.0271,0.0271,0.2289,Wrist,FALSE
d2-017,2_toolusenotinVR,second,5,11,post,Forearm,Forearm,-0.0362,-0.0362,0.229,Forearm,FALSE
d2-017,2_toolusenotinVR,second,5,12,post,Elbow,Elbow,-0.0563,-0.0563,0.2289,Elbow,FALSE
d2-017,2_toolusenotinVR,second,5,13,post,Forearm,Forearm,-0.0034,-0.0034,0.229,Forearm,FALSE
d2-017,2_toolusenotinVR,second,5,14,post,Wrist,Wrist,0.0158,0.0158,0.2291,Wrist,FALSE
d2-017,2_toolusenotinVR,second,5,15,post,Forearm,Forearm,-0.0101,-0.0101,0.229,Forearm,FALSE
d2-017,2_toolusenotinVR,second,5,16,post,Wrist,Wrist,0.0049,0.0049,0.2292,Wrist,FALSE
d2-017,2_toolusenotinVR,second,5,17,post,Elbow,Elbow,-0.0478,-0.0478,0.2292,Elbow,FALSE
d2-017,2_toolusenotinVR,second,5,18,post,Forearm,Forearm,-0.0106,-0.0106,0.2294,Forearm,FALSE
d2-018,2_toolusenotinVR,pre,1,1,pre,Wrist,Wrist,0.06,0.06,0.2181,Wrist,FALSE
d2-018,2_toolusenotinVR,pre,1,2,pre,Elbow,Elbow,-0.0835,-0.0835,0.2201,Elbow,FALSE
d2-018,2_toolusenotinVR,pre,1,3,pre,Forearm,Forearm,-0.016,-0.016,0.2212,Forearm,FALSE
d2-018,2_toolusenotinVR,pre,1,4,pre,Elbow,Elbow,-0.1326,-0.1326,0.2236,Elbow,FALSE
d2-018,2_toolusenotinVR,pre,1,5,pre,Wrist,Wrist,-0.0198,-0.0198,0.2243,Wrist,FALSE
d2-018,2_toolusenotinVR,pre,1,6,pre,Elbow,Elbow,-0.1721,-0.1721,0.2253,Elbow,FALSE
d2-018,2_toolusenotinVR,pre,1,7,pre,Wrist,Wrist,-0.1019,-0.1019,0.2259,Forearm,FALSE
d2-018,2_toolusenotinVR,pre,1,8,pre,Elbow,Elbow,-0.1532,-0.1532,0.2258,Elbow,FALSE
d2-018,2_toolusenotinVR,pre,1,9,pre,Forearm,Forearm,-0.0624,-0.0624,0.2264,Elbow,FALSE
d2-018,2_toolusenotinVR,pre,1,10,pre,Wrist,Wrist,-0.0458,-0.0458,0.2265,Wrist,FALSE
d2-018,2_toolusenotinVR,pre,1,11,pre,Forearm,Forearm,-0.049,-0.049,0.227,Forearm,FALSE
d2-018,2_toolusenotinVR,pre,1,12,pre,Elbow,Elbow,-0.1012,-0.1012,0.2278,Elbow,FALSE
d2-018,2_toolusenotinVR,pre,1,13,pre,Forearm,Forearm,-0.0898,-0.0898,0.2276,Elbow,FALSE
d2-018,2_toolusenotinVR,pre,1,14,pre,Wrist,Wrist,-0.078,-0.078,0.2273,Forearm,FALSE
d2-018,2_toolusenotinVR,pre,1,15,pre,Elbow,Elbow,-0.1103,-0.1103,0.2276,Elbow,FALSE
d2-018,2_toolusenotinVR,pre,1,16,pre,Forearm,Forearm,-0.0516,-0.0516,0.2275,Forearm,FALSE
d2-018,2_toolusenotinVR,pre,1,17,pre,Wrist,Wrist,-0.0113,-0.0113,0.2275,Wrist,FALSE
d2-018,2_toolusenotinVR,pre,1,18,pre,Forearm,Forearm,-0.0427,-0.0427,0.2277,Forearm,FALSE
d2-018,2_toolusenotinVR,second,5,1,post,Elbow,Elbow,-0.0664,-0.0664,0.2288,Elbow,FALSE
d2-018,2_toolusenotinVR,second,5,2,post,Forearm,Forearm,-0.009,-0.009,0.2289,Forearm,FALSE
d2-018,2_toolusenotinVR,second,5,3,post,Elbow,Elbow,-0.0978,-0.0978,0.2296,Elbow,FALSE
d2-018,2_toolusenotinVR,second,5,4,post,Wrist,Wrist,0.0074,0.0074,0.2298,Wrist,FALSE
d2-018,2_toolusenotinVR,second,5,5,post,Forearm,Forearm,-0.1033,-0.1033,0.23,Elbow,FALSE
d2-018,2_toolusenotinVR,second,5,6,post,Wrist,Wrist,-0.0113,-0.0113,0.2298,Wrist,FALSE
d2-018,2_toolusenotinVR,second,5,7,post,Elbow,Elbow,-0.1295,-0.1295,0.2301,Elbow,FALSE
d2-018,2_toolusenotinVR,second,5,8,post,Wrist,Wrist,0.0013,0.0013,0.2301,Wrist,FALSE
d2-018,2_toolusenotinVR,second,5,9,post,Elbow,Elbow,-0.1112,-0.1112,0.2302,Elbow,FALSE
d2-018,2_toolusenotinVR,second,5,10,post,Wrist,Wrist,0.0103,0.0103,0.2294,Wrist,FALSE
d2-018,2_toolusenotinVR,second,5,11,post,Elbow,Elbow,-0.0913,-0.0913,0.2295,Elbow,FALSE
d2-018,2_toolusenotinVR,second,5,12,post,Forearm,Forearm,-0.0576,-0.0576,0.2295,Elbow,FALSE
d2-018,2_toolusenotinVR,second,5,13,post,Elbow,Elbow,-0.0964,-0.0964,0.2296,Elbow,FALSE
d2-018,2_toolusenotinVR,second,5,14,post,Forearm,Forearm,-0.0991,-0.0991,0.2298,Elbow,FALSE
d2-018,2_toolusenotinVR,second,5,15,post,Wrist,Wrist,-0.0327,-0.0327,0.2294,Wrist,FALSE
d2-018,2_toolusenotinVR,second,5,16,post,Forearm,Forearm,-0.0821,-0.0821,0.2296,Elbow,FALSE
d2-018,2_toolusenotinVR,second,5,17,post,Wrist,Wrist,0.0056,0.0056,0.2292,Wrist,FALSE
d2-018,2_toolusenotinVR,second,5,18,post,Forearm,Forearm,-0.0578,-0.0578,0.2294,Elbow,FALSE
d2-019,2_toolusenotinVR,pre,1,1,pre,Elbow,Elbow,-0.0145,-0.0145,0.2221,Elbow,FALSE
d2-019,2_toolusenotinVR,pre,1,2,pre,Wrist,Wrist,-0.0059,-0.0059,0.2221,Wrist,FALSE
d2-019,2_toolusenotinVR,pre,1,3,pre,Forearm,Forearm,-0.0132,-0.0132,0.2219,Forearm,FALSE
d2-019,2_toolusenotinVR,pre,1,4,pre,Elbow,Elbow,-2e-04,-2e-04,0.2218,Elbow,FALSE
d2-019,2_toolusenotinVR,pre,1,5,pre,Wrist,Wrist,-0.0698,-0.0698,0.2219,Forearm,FALSE
d2-019,2_toolusenotinVR,pre,1,6,pre,Forearm,Forearm,-0.034,-0.034,0.2217,Forearm,FALSE
d2-019,2_toolusenotinVR,pre,1,7,pre,Wrist,Wrist,-0.084,-0.084,0.2217,Forearm,FALSE
d2-019,2_toolusenotinVR,pre,1,8,pre,Elbow,Elbow,-0.023,-0.023,0.2224,Elbow,FALSE
d2-019,2_toolusenotinVR,pre,1,9,pre,Forearm,Forearm,-0.0485,-0.0485,0.2226,Forearm,FALSE
d2-019,2_toolusenotinVR,pre,1,10,pre,Wrist,Wrist,-0.0898,-0.0898,0.2229,Forearm,FALSE
d2-019,2_toolusenotinVR,pre,1,11,pre,Forearm,Forearm,-0.0585,-0.0585,0.2229,Elbow,FALSE
d2-019,2_toolusenotinVR,pre,1,12,pre,Elbow,Elbow,-0.0252,-0.0252,0.2232,Elbow,FALSE
d2-019,2_toolusenotinVR,pre,1,13,pre,Forearm,Forearm,-0.061,-0.061,0.2247,Elbow,FALSE
d2-019,2_toolusenotinVR,pre,1,14,pre,Elbow,Elbow,-0.113,-0.113,0.2259,Elbow,FALSE
d2-019,2_toolusenotinVR,pre,1,15,pre,Wrist,Forearm,-0.1254,-0.0139,0.2264,Forearm,TRUE
d2-019,2_toolusenotinVR,pre,1,16,pre,Elbow,Elbow,-0.1193,-0.1193,0.2265,Elbow,FALSE
d2-019,2_toolusenotinVR,pre,1,17,pre,Wrist,Forearm,-0.1577,-0.0462,0.2264,Forearm,TRUE
d2-019,2_toolusenotinVR,pre,1,18,pre,Forearm,Elbow,-0.1164,-0.00490000000000002,0.2264,Elbow,TRUE
d2-019,2_toolusenotinVR,second,5,1,post,Forearm,Forearm,-0.0719,-0.0719,0.2255,Elbow,FALSE
d2-019,2_toolusenotinVR,second,5,2,post,Elbow,Elbow,-0.0734,-0.0734,0.2261,Elbow,FALSE
d2-019,2_toolusenotinVR,second,5,3,post,Forearm,Forearm,-0.0928,-0.0928,0.2257,Elbow,FALSE
d2-019,2_toolusenotinVR,second,5,4,post,Elbow,Elbow,-0.1228,-0.1228,0.2253,Elbow,FALSE
d2-019,2_toolusenotinVR,second,5,5,post,Forearm,Elbow,-0.1177,-0.00600000000000001,0.2259,Elbow,TRUE
d2-019,2_toolusenotinVR,second,5,6,post,Wrist,Wrist,-0.0651,-0.0651,0.2255,Forearm,FALSE
d2-019,2_toolusenotinVR,second,5,7,post,Elbow,Elbow,-0.1409,-0.1409,0.2254,Elbow,FALSE
d2-019,2_toolusenotinVR,second,5,8,post,Forearm,Elbow,-0.1335,-0.0219,0.2254,Elbow,TRUE
d2-019,2_toolusenotinVR,second,5,9,post,Wrist,Forearm,-0.1171,-0.00549999999999995,0.2256,Forearm,TRUE
d2-019,2_toolusenotinVR,second,5,10,post,Forearm,Elbow,-0.1245,-0.0129,0.2257,Elbow,TRUE
d2-019,2_toolusenotinVR,second,5,11,post,Wrist,Wrist,-0.0798,-0.0798,0.2257,Forearm,FALSE
d2-019,2_toolusenotinVR,second,5,12,post,Elbow,Elbow,-0.1435,-0.1435,0.2258,Elbow,FALSE
d2-019,2_toolusenotinVR,second,5,13,post,Forearm,Elbow,-0.1358,-0.0242,0.2259,Elbow,TRUE
d2-019,2_toolusenotinVR,second,5,14,post,Wrist,Forearm,-0.1174,-0.00590000000000002,0.2256,Forearm,TRUE
d2-019,2_toolusenotinVR,second,5,15,post,Elbow,Elbow,-0.1361,-0.1361,0.2256,Elbow,FALSE
d2-019,2_toolusenotinVR,second,5,16,post,Wrist,Forearm,-0.1228,-0.0113,0.2256,Forearm,TRUE
d2-019,2_toolusenotinVR,second,5,17,post,Elbow,Elbow,-0.1489,-0.1489,0.2254,Elbow,FALSE
d2-019,2_toolusenotinVR,second,5,18,post,Wrist,Wrist,-0.1045,-0.1045,0.2253,Forearm,FALSE
d2-020,2_toolusenotinVR,pre,2,1,pre,Wrist,Wrist,-0.024,-0.024,0.1953,Wrist,FALSE
d2-020,2_toolusenotinVR,pre,2,2,pre,Forearm,Forearm,-0.0347,-0.0347,0.1958,Forearm,FALSE
d2-020,2_toolusenotinVR,pre,2,3,pre,Wrist,Wrist,0.0064,0.0064,0.1969,Wrist,FALSE
d2-020,2_toolusenotinVR,pre,2,4,pre,Elbow,Elbow,0.0378,0.0378,0.1977,Elbow,FALSE
d2-020,2_toolusenotinVR,pre,2,5,pre,Forearm,Wrist,0.1517,0.055,0.1974,Wrist,TRUE
d2-020,2_toolusenotinVR,pre,2,6,pre,Elbow,Elbow,0.0286,0.0286,0.1971,Elbow,FALSE
d2-020,2_toolusenotinVR,pre,2,7,pre,Wrist,Wrist,-0.0077,-0.0077,0.1957,Wrist,FALSE
d2-020,2_toolusenotinVR,pre,2,8,pre,Forearm,Forearm,-0.0336,-0.0336,0.196,Forearm,FALSE
d2-020,2_toolusenotinVR,pre,2,9,pre,Elbow,Elbow,0.0143,0.0143,0.1947,Elbow,FALSE
d2-020,2_toolusenotinVR,pre,2,10,pre,Wrist,Wrist,0.1097,0.1097,0.1943,Wrist,FALSE
d2-020,2_toolusenotinVR,pre,2,11,pre,Forearm,Forearm,0.0909,0.0909,0.1952,Wrist,FALSE
d2-020,2_toolusenotinVR,pre,2,12,pre,Elbow,Elbow,0.0767,0.0767,0.1956,Forearm,FALSE
d2-020,2_toolusenotinVR,pre,2,13,pre,Wrist,Wrist,0.0125,0.0125,0.1953,Wrist,FALSE
d2-020,2_toolusenotinVR,pre,2,14,pre,Forearm,Forearm,0.0418,0.0418,0.1954,Forearm,FALSE
d2-020,2_toolusenotinVR,pre,2,15,pre,Elbow,Elbow,0.0656,0.0656,0.1958,Forearm,FALSE
d2-020,2_toolusenotinVR,pre,2,16,pre,Wrist,Wrist,0.0702,0.0702,0.1963,Wrist,FALSE
d2-020,2_toolusenotinVR,pre,2,17,pre,Forearm,Forearm,-0.0203,-0.0203,0.1962,Forearm,FALSE
d2-020,2_toolusenotinVR,pre,2,18,pre,Elbow,Elbow,0.0463,0.0463,0.1965,Elbow,FALSE
d2-020,2_toolusenotinVR,second,5,1,post,Forearm,Forearm,0.0704,0.0704,0.2,Wrist,FALSE
d2-020,2_toolusenotinVR,second,5,2,post,Wrist,Wrist,-0.0246,-0.0246,0.1994,Wrist,FALSE
d2-020,2_toolusenotinVR,second,5,3,post,Forearm,Forearm,0.059,0.059,0.1988,Wrist,FALSE
d2-020,2_toolusenotinVR,second,5,4,post,Wrist,Wrist,0.0335,0.0335,0.1991,Wrist,FALSE
d2-020,2_toolusenotinVR,second,5,5,post,Elbow,Elbow,-0.0048,-0.0048,0.1992,Elbow,FALSE
d2-020,2_toolusenotinVR,second,5,6,post,Wrist,Wrist,0.0324,0.0324,0.1987,Wrist,FALSE
d2-020,2_toolusenotinVR,second,5,7,post,Forearm,Forearm,0.0302,0.0302,0.1986,Forearm,FALSE
d2-020,2_toolusenotinVR,second,5,8,post,Wrist,Wrist,0.0462,0.0462,0.1979,Wrist,FALSE
d2-020,2_toolusenotinVR,second,5,9,post,Elbow,Elbow,-0.0236,-0.0236,0.1975,Elbow,FALSE
d2-020,2_toolusenotinVR,second,5,10,post,Wrist,Wrist,0.071,0.071,0.1962,Wrist,FALSE
d2-020,2_toolusenotinVR,second,5,11,post,Elbow,Elbow,0.0177,0.0177,0.1963,Elbow,FALSE
d2-020,2_toolusenotinVR,second,5,12,post,Forearm,Forearm,0.0786,0.0786,0.1958,Wrist,FALSE
d2-020,2_toolusenotinVR,second,5,13,post,Elbow,Elbow,0.0511,0.0511,0.196,Forearm,FALSE
d2-020,2_toolusenotinVR,second,5,14,post,Wrist,Wrist,0.0569,0.0569,0.1959,Wrist,FALSE
d2-020,2_toolusenotinVR,second,5,15,post,Forearm,Forearm,-0.0061,-0.0061,0.1953,Forearm,FALSE
d2-020,2_toolusenotinVR,second,5,16,post,Elbow,Elbow,-0.0465,-0.0465,0.1956,Elbow,FALSE
d2-020,2_toolusenotinVR,second,5,17,post,Forearm,Forearm,0.0528,0.0528,0.1948,Wrist,FALSE
d2-020,2_toolusenotinVR,second,5,18,post,Elbow,Elbow,0.0612,0.0612,0.1919,Forearm,FALSE
d2-021,2_toolusenotinVR,pre,2,1,pre,Wrist,Wrist,0.0775,0.0775,0.2727,Wrist,FALSE
d2-021,2_toolusenotinVR,pre,2,2,pre,Forearm,Forearm,0.0465,0.0465,0.2738,Forearm,FALSE
d2-021,2_toolusenotinVR,pre,2,3,pre,Wrist,Wrist,-0.0136,-0.0136,0.2754,Wrist,FALSE
d2-021,2_toolusenotinVR,pre,2,4,pre,Elbow,Elbow,0.1188,0.1188,0.2763,Forearm,FALSE
d2-021,2_toolusenotinVR,pre,2,5,pre,Wrist,Wrist,-0.0048,-0.0048,0.278,Wrist,FALSE
d2-021,2_toolusenotinVR,pre,2,6,pre,Elbow,Elbow,0.0118,0.0118,0.2787,Elbow,FALSE
d2-021,2_toolusenotinVR,pre,2,7,pre,Forearm,Forearm,-0.0254,-0.0254,0.2801,Forearm,FALSE
d2-021,2_toolusenotinVR,pre,2,8,pre,Wrist,Wrist,-0.0216,-0.0216,0.2809,Wrist,FALSE
d2-021,2_toolusenotinVR,pre,2,9,pre,Elbow,Elbow,0.0126,0.0126,0.2818,Elbow,FALSE
d2-021,2_toolusenotinVR,pre,2,10,pre,Forearm,Forearm,-0.0103,-0.0103,0.282,Forearm,FALSE
d2-021,2_toolusenotinVR,pre,2,11,pre,Wrist,Wrist,-0.0893,-0.0893,0.2827,Forearm,FALSE
d2-021,2_toolusenotinVR,pre,2,12,pre,Elbow,Elbow,0.0065,0.0065,0.284,Elbow,FALSE
d2-021,2_toolusenotinVR,pre,2,13,pre,Wrist,Wrist,-0.0483,-0.0483,0.2846,Wrist,FALSE
d2-021,2_toolusenotinVR,pre,2,14,pre,Forearm,Forearm,-0.0234,-0.0234,0.2854,Forearm,FALSE
d2-021,2_toolusenotinVR,pre,2,15,pre,Elbow,Elbow,-0.0327,-0.0327,0.2867,Elbow,FALSE
d2-021,2_toolusenotinVR,pre,2,16,pre,Forearm,Forearm,0.013,0.013,0.2872,Forearm,FALSE
d2-021,2_toolusenotinVR,pre,2,17,pre,Elbow,Elbow,-0.0167,-0.0167,0.2878,Elbow,FALSE
d2-021,2_toolusenotinVR,pre,2,18,pre,Forearm,Forearm,-0.0357,-0.0357,0.2865,Forearm,FALSE
d2-021,2_toolusenotinVR,first,4,1,post,Forearm,Forearm,-7e-04,-7e-04,0.2959,Forearm,FALSE
d2-021,2_toolusenotinVR,first,4,2,post,Elbow,Elbow,0.0435,0.0435,0.2978,Elbow,FALSE
d2-021,2_toolusenotinVR,first,4,3,post,Wrist,Wrist,-0.0094,-0.0094,0.2992,Wrist,FALSE
d2-021,2_toolusenotinVR,first,4,4,post,Forearm,Forearm,-0.0124,-0.0124,0.3016,Forearm,FALSE
d2-021,2_toolusenotinVR,first,4,5,post,Wrist,Wrist,-0.0614,-0.0614,0.303,Wrist,FALSE
d2-021,2_toolusenotinVR,first,4,6,post,Elbow,Elbow,0.0116,0.0116,0.3049,Elbow,FALSE
d2-021,2_toolusenotinVR,first,4,7,post,Wrist,Wrist,-0.087,-0.087,0.3055,Forearm,FALSE
d2-021,2_toolusenotinVR,first,4,8,post,Forearm,Forearm,-0.0463,-0.0463,0.3059,Forearm,FALSE
d2-021,2_toolusenotinVR,first,4,9,post,Elbow,Elbow,0.0131,0.0131,0.3056,Elbow,FALSE
d2-021,2_toolusenotinVR,first,4,10,post,Wrist,Wrist,-0.107,-0.107,0.3077,Forearm,FALSE
d2-021,2_toolusenotinVR,first,4,11,post,Elbow,Elbow,8e-04,8e-04,0.3104,Elbow,FALSE
d2-021,2_toolusenotinVR,first,4,12,post,Forearm,Forearm,-0.0043,-0.0043,0.312,Forearm,FALSE
d2-021,2_toolusenotinVR,first,4,13,post,Wrist,Wrist,-0.0424,-0.0424,0.3134,Wrist,FALSE
d2-021,2_toolusenotinVR,first,4,14,post,Forearm,Forearm,-0.0094,-0.0094,0.3152,Forearm,FALSE
d2-021,2_toolusenotinVR,first,4,15,post,Elbow,Elbow,0.0378,0.0378,0.3171,Elbow,FALSE
d2-021,2_toolusenotinVR,first,4,16,post,Forearm,Forearm,-0.0812,-0.0812,0.3178,Elbow,FALSE
d2-021,2_toolusenotinVR,first,4,17,post,Wrist,Wrist,-0.0761,-0.0761,0.3175,Wrist,FALSE
d2-021,2_toolusenotinVR,first,4,18,post,Elbow,Elbow,0.0025,0.0025,0.3183,Elbow,FALSE
d2-022,2_toolusenotinVR,pre,1,1,pre,Elbow,Elbow,0.0219,0.0219,0.2207,Elbow,FALSE
d2-022,2_toolusenotinVR,pre,1,2,pre,Wrist,Wrist,0.0148,0.0148,0.2207,Wrist,FALSE
d2-022,2_toolusenotinVR,pre,1,3,pre,Forearm,Forearm,-0.0232,-0.0232,0.221,Forearm,FALSE
d2-022,2_toolusenotinVR,pre,1,4,pre,Elbow,Elbow,-0.0315,-0.0315,0.2209,Elbow,FALSE
d2-022,2_toolusenotinVR,pre,1,5,pre,Wrist,Wrist,-0.0203,-0.0203,0.2211,Wrist,FALSE
d2-022,2_toolusenotinVR,pre,1,6,pre,Elbow,Elbow,-0.0294,-0.0294,0.221,Elbow,FALSE
d2-022,2_toolusenotinVR,pre,1,7,pre,Forearm,Forearm,-0.0261,-0.0261,0.2209,Forearm,FALSE
d2-022,2_toolusenotinVR,pre,1,8,pre,Wrist,Wrist,-0.0423,-0.0423,0.2214,Wrist,FALSE
d2-022,2_toolusenotinVR,pre,1,9,pre,Forearm,Forearm,-0.0901,-0.0901,0.2214,Elbow,FALSE
d2-022,2_toolusenotinVR,pre,1,10,pre,Elbow,Elbow,-0.0465,-0.0465,0.2215,Elbow,FALSE
d2-022,2_toolusenotinVR,pre,1,11,pre,Wrist,Wrist,-0.0494,-0.0494,0.2214,Wrist,FALSE
d2-022,2_toolusenotinVR,pre,1,12,pre,Elbow,Elbow,-0.0113,-0.0113,0.2216,Elbow,FALSE
d2-022,2_toolusenotinVR,pre,1,13,pre,Forearm,Forearm,-0.0049,-0.0049,0.2211,Forearm,FALSE
d2-022,2_toolusenotinVR,pre,1,14,pre,Wrist,Wrist,-0.0473,-0.0473,0.2213,Wrist,FALSE
d2-022,2_toolusenotinVR,pre,1,15,pre,Elbow,Elbow,-0.055,-0.055,0.2215,Elbow,FALSE
d2-022,2_toolusenotinVR,pre,1,16,pre,Forearm,Forearm,-0.0094,-0.0094,0.2211,Forearm,FALSE
d2-022,2_toolusenotinVR,pre,1,17,pre,Wrist,Wrist,-0.0949,-0.0949,0.2214,Forearm,FALSE
d2-022,2_toolusenotinVR,pre,1,18,pre,Forearm,Forearm,-0.0371,-0.0371,0.2218,Forearm,FALSE
d2-022,2_toolusenotinVR,first,4,1,post,Elbow,Elbow,-0.0425,-0.0425,0.2179,Elbow,FALSE
d2-022,2_toolusenotinVR,first,4,2,post,Forearm,Forearm,-0.0394,-0.0394,0.2178,Forearm,FALSE
d2-022,2_toolusenotinVR,first,4,3,post,Elbow,Elbow,-0.0563,-0.0563,0.2178,Elbow,FALSE
d2-022,2_toolusenotinVR,first,4,4,post,Wrist,Wrist,-0.07,-0.07,0.2176,Forearm,FALSE
d2-022,2_toolusenotinVR,first,4,5,post,Elbow,Elbow,-0.0764,-0.0764,0.2181,Elbow,FALSE
d2-022,2_toolusenotinVR,first,4,6,post,Wrist,Wrist,-0.0659,-0.0659,0.2181,Forearm,FALSE
d2-022,2_toolusenotinVR,first,4,7,post,Forearm,Forearm,-0.0823,-0.0823,0.2185,Elbow,FALSE
d2-022,2_toolusenotinVR,first,4,8,post,Elbow,Elbow,-0.0783,-0.0783,0.2183,Elbow,FALSE
d2-022,2_toolusenotinVR,first,4,9,post,Forearm,Forearm,-0.0653,-0.0653,0.2186,Elbow,FALSE
d2-022,2_toolusenotinVR,first,4,10,post,Wrist,Wrist,-0.0237,-0.0237,0.2186,Wrist,FALSE
d2-022,2_toolusenotinVR,first,4,11,post,Elbow,Elbow,-0.0893,-0.0893,0.2189,Elbow,FALSE
d2-022,2_toolusenotinVR,first,4,12,post,Forearm,Forearm,-0.0827,-0.0827,0.2189,Elbow,FALSE
d2-022,2_toolusenotinVR,first,4,13,post,Wrist,Wrist,-0.0314,-0.0314,0.2189,Wrist,FALSE
d2-022,2_toolusenotinVR,first,4,14,post,Elbow,Elbow,-0.0863,-0.0863,0.2189,Elbow,FALSE
d2-022,2_toolusenotinVR,first,4,15,post,Wrist,Wrist,-0.0508,-0.0508,0.2188,Wrist,FALSE
d2-022,2_toolusenotinVR,first,4,16,post,Forearm,Forearm,-0.0882,-0.0882,0.2187,Elbow,FALSE
d2-022,2_toolusenotinVR,first,4,17,post,Wrist,Wrist,-0.1052,-0.1052,0.2189,Forearm,FALSE
d2-022,2_toolusenotinVR,first,4,18,post,Forearm,Forearm,-0.0551,-0.0551,0.219,Elbow,FALSE
d2-023,2_toolusenotinVR,pre,2,1,pre,Forearm,Forearm,0.0269,0.0269,0.1839,Forearm,FALSE
d2-023,2_toolusenotinVR,pre,2,2,pre,Wrist,Wrist,0.0568,0.0568,0.1836,Wrist,FALSE
d2-023,2_toolusenotinVR,pre,2,3,pre,Elbow,Elbow,-0.0398,-0.0398,0.1827,Elbow,FALSE
d2-023,2_toolusenotinVR,pre,2,4,pre,Wrist,Wrist,0.0402,0.0402,0.1842,Wrist,FALSE
d2-023,2_toolusenotinVR,pre,2,5,pre,Forearm,Forearm,-0.0541,-0.0541,0.1858,Elbow,FALSE
d2-023,2_toolusenotinVR,pre,2,6,pre,Elbow,Elbow,-0.032,-0.032,0.1871,Elbow,FALSE
d2-023,2_toolusenotinVR,pre,2,7,pre,Forearm,Elbow,-0.1231,-0.0328000000000001,0.1869,Elbow,TRUE
d2-023,2_toolusenotinVR,pre,2,8,pre,Wrist,Wrist,-0.09,-0.09,0.1856,Forearm,FALSE
d2-023,2_toolusenotinVR,pre,2,9,pre,Forearm,Forearm,-0.0325,-0.0325,0.1864,Forearm,FALSE
d2-023,2_toolusenotinVR,pre,2,10,pre,Elbow,Elbow,-0.0703,-0.0703,0.1872,Elbow,FALSE
d2-023,2_toolusenotinVR,pre,2,11,pre,Wrist,Forearm,-0.1339,-0.0442,0.186,Forearm,TRUE
d2-023,2_toolusenotinVR,pre,2,12,pre,Forearm,Forearm,-0.0832,-0.0832,0.1853,Elbow,FALSE
d2-023,2_toolusenotinVR,pre,2,13,pre,Wrist,Forearm,-0.1031,-0.0138,0.1852,Forearm,TRUE
d2-023,2_toolusenotinVR,pre,2,14,pre,Elbow,Elbow,-0.0864,-0.0864,0.1876,Elbow,FALSE
d2-023,2_toolusenotinVR,pre,2,15,pre,Wrist,Wrist,-0.0566,-0.0566,0.1877,Forearm,FALSE
d2-023,2_toolusenotinVR,pre,2,16,pre,Elbow,Elbow,-0.1186,-0.1186,0.1893,Elbow,FALSE
d2-023,2_toolusenotinVR,pre,2,17,pre,Forearm,Forearm,-0.0646,-0.0646,0.1899,Elbow,FALSE
d2-023,2_toolusenotinVR,pre,2,18,pre,Elbow,Elbow,-0.106,-0.106,0.1909,Elbow,FALSE
d2-023,2_toolusenotinVR,first,4,1,post,Wrist,Wrist,-0.0592,-0.0592,0.1905,Forearm,FALSE
d2-023,2_toolusenotinVR,first,4,2,post,Elbow,Elbow,-0.1178,-0.1178,0.1922,Elbow,FALSE
d2-023,2_toolusenotinVR,first,4,3,post,Wrist,Wrist,-0.0582,-0.0582,0.1912,Forearm,FALSE
d2-023,2_toolusenotinVR,first,4,4,post,Elbow,Elbow,-0.0611,-0.0611,0.1924,Elbow,FALSE
d2-023,2_toolusenotinVR,first,4,5,post,Forearm,Forearm,-0.0302,-0.0302,0.1919,Forearm,FALSE
d2-023,2_toolusenotinVR,first,4,6,post,Elbow,Elbow,-0.0572,-0.0572,0.192,Elbow,FALSE
d2-023,2_toolusenotinVR,first,4,7,post,Forearm,Forearm,-0.0221,-0.0221,0.1917,Forearm,FALSE
d2-023,2_toolusenotinVR,first,4,8,post,Elbow,Elbow,-0.0618,-0.0618,0.1916,Elbow,FALSE
d2-023,2_toolusenotinVR,first,4,9,post,Forearm,Elbow,-0.1122,-0.0193,0.191,Elbow,TRUE
d2-023,2_toolusenotinVR,first,4,10,post,Wrist,Forearm,-0.1336,-0.0407,0.191,Forearm,TRUE
d2-023,2_toolusenotinVR,first,4,11,post,Elbow,Elbow,-0.0651,-0.0651,0.1907,Elbow,FALSE
d2-023,2_toolusenotinVR,first,4,12,post,Forearm,Forearm,-0.0467,-0.0467,0.1898,Elbow,FALSE
d2-023,2_toolusenotinVR,first,4,13,post,Elbow,Elbow,-0.0691,-0.0691,0.1898,Elbow,FALSE
d2-023,2_toolusenotinVR,first,4,14,post,Wrist,Wrist,-0.0707,-0.0707,0.1894,Forearm,FALSE
d2-023,2_toolusenotinVR,first,4,15,post,Forearm,Forearm,-0.0501,-0.0501,0.1896,Elbow,FALSE
d2-023,2_toolusenotinVR,first,4,16,post,Wrist,Wrist,-0.0881,-0.0881,0.1897,Forearm,FALSE
d2-023,2_toolusenotinVR,first,4,17,post,Forearm,Forearm,-0.064,-0.064,0.1903,Elbow,FALSE
d2-023,2_toolusenotinVR,first,4,18,post,Wrist,Forearm,-0.1024,-0.0101,0.1902,Forearm,TRUE
d2-024,2_toolusenotinVR,pre,1,1,pre,Forearm,Forearm,0.0663,0.0663,0.2206,Wrist,FALSE
d2-024,2_toolusenotinVR,pre,1,2,pre,Elbow,Elbow,-0.0153,-0.0153,0.2208,Elbow,FALSE
d2-024,2_toolusenotinVR,pre,1,3,pre,Forearm,Elbow,-0.1515,-0.0426,0.2212,Elbow,TRUE
d2-024,2_toolusenotinVR,pre,1,4,pre,Wrist,Wrist,0.0273,0.0273,0.2213,Wrist,FALSE
d2-024,2_toolusenotinVR,pre,1,5,pre,Forearm,Forearm,0.0185,0.0185,0.2211,Forearm,FALSE
d2-024,2_toolusenotinVR,pre,1,6,pre,Elbow,Elbow,-0.0043,-0.0043,0.2209,Elbow,FALSE
d2-024,2_toolusenotinVR,pre,1,7,pre,Wrist,Wrist,0.032,0.032,0.2211,Wrist,FALSE
d2-024,2_toolusenotinVR,pre,1,8,pre,Forearm,Forearm,0.0498,0.0498,0.2212,Forearm,FALSE
d2-024,2_toolusenotinVR,pre,1,9,pre,Wrist,Wrist,0.0306,0.0306,0.2214,Wrist,FALSE
d2-024,2_toolusenotinVR,pre,1,10,pre,Elbow,Elbow,-0.0429,-0.0429,0.2213,Elbow,FALSE
d2-024,2_toolusenotinVR,pre,1,11,pre,Wrist,Wrist,0.019,0.019,0.2219,Wrist,FALSE
d2-024,2_toolusenotinVR,pre,1,12,pre,Elbow,Elbow,-0.0231,-0.0231,0.2222,Elbow,FALSE
d2-024,2_toolusenotinVR,pre,1,13,pre,Wrist,Wrist,6e-04,6e-04,0.2226,Wrist,FALSE
d2-024,2_toolusenotinVR,pre,1,14,pre,Forearm,Forearm,-0.0129,-0.0129,0.2234,Forearm,FALSE
d2-024,2_toolusenotinVR,pre,1,15,pre,Elbow,Elbow,-0.0206,-0.0206,0.2233,Elbow,FALSE
d2-024,2_toolusenotinVR,pre,1,16,pre,Wrist,Wrist,0.0132,0.0132,0.2233,Wrist,FALSE
d2-024,2_toolusenotinVR,pre,1,17,pre,Elbow,Elbow,-0.0261,-0.0261,0.2237,Elbow,FALSE
d2-024,2_toolusenotinVR,pre,1,18,pre,Forearm,Forearm,0.0019,0.0019,0.2233,Forearm,FALSE
d2-024,2_toolusenotinVR,first,4,1,post,Wrist,Wrist,0.0566,0.0566,0.2271,Wrist,FALSE
d2-024,2_toolusenotinVR,first,4,2,post,Elbow,Elbow,0.0415,0.0415,0.2278,Elbow,FALSE
d2-024,2_toolusenotinVR,first,4,3,post,Wrist,Wrist,0.1151,0.1151,0.2284,Wrist,FALSE
d2-024,2_toolusenotinVR,first,4,4,post,Forearm,Forearm,0.0867,0.0867,0.2288,Wrist,FALSE
d2-024,2_toolusenotinVR,first,4,5,post,Elbow,Elbow,0.031,0.031,0.2292,Elbow,FALSE
d2-024,2_toolusenotinVR,first,4,6,post,Wrist,Wrist,0.1198,0.1198,0.2295,Wrist,FALSE
d2-024,2_toolusenotinVR,first,4,7,post,Elbow,Elbow,0.0268,0.0268,0.2293,Elbow,FALSE
d2-024,2_toolusenotinVR,first,4,8,post,Forearm,Forearm,0.0463,0.0463,0.2294,Forearm,FALSE
d2-024,2_toolusenotinVR,first,4,9,post,Wrist,Wrist,0.016,0.016,0.2291,Wrist,FALSE
d2-024,2_toolusenotinVR,first,4,10,post,Forearm,Forearm,0.047,0.047,0.2293,Forearm,FALSE
d2-024,2_toolusenotinVR,first,4,11,post,Wrist,Wrist,0.0654,0.0654,0.2289,Wrist,FALSE
d2-024,2_toolusenotinVR,first,4,12,post,Elbow,Elbow,0.061,0.061,0.2287,Forearm,FALSE
d2-024,2_toolusenotinVR,first,4,13,post,Forearm,Forearm,0.0409,0.0409,0.2284,Forearm,FALSE
d2-024,2_toolusenotinVR,first,4,14,post,Wrist,Wrist,0.0394,0.0394,0.2279,Wrist,FALSE
d2-024,2_toolusenotinVR,first,4,15,post,Forearm,Forearm,-0.0083,-0.0083,0.2276,Forearm,FALSE
d2-024,2_toolusenotinVR,first,4,16,post,Elbow,Elbow,-0.0288,-0.0288,0.2274,Elbow,FALSE
d2-024,2_toolusenotinVR,first,4,17,post,Forearm,Forearm,0.0249,0.0249,0.2277,Forearm,FALSE
d2-024,2_toolusenotinVR,first,4,18,post,Elbow,Elbow,-0.0765,-0.0765,0.2278,Elbow,FALSE
d2-025,2_toolusenotinVR,pre,2,1,pre,Wrist,Wrist,-0.0114,-0.0114,0.1752,Wrist,FALSE
d2-025,2_toolusenotinVR,pre,2,2,pre,Elbow,Elbow,-0.0203,-0.0203,0.1758,Elbow,FALSE
d2-025,2_toolusenotinVR,pre,2,3,pre,Wrist,Wrist,-0.0379,-0.0379,0.1765,Wrist,FALSE
d2-025,2_toolusenotinVR,pre,2,4,pre,Elbow,Elbow,-0.0856,-0.0856,0.1785,Elbow,FALSE
d2-025,2_toolusenotinVR,pre,2,5,pre,Forearm,Forearm,-0.072,-0.072,0.1802,Elbow,FALSE
d2-025,2_toolusenotinVR,pre,2,6,pre,Wrist,Wrist,-0.0597,-0.0597,0.1799,Forearm,FALSE
d2-025,2_toolusenotinVR,pre,2,7,pre,Elbow,Elbow,-0.0593,-0.0593,0.1805,Elbow,FALSE
d2-025,2_toolusenotinVR,pre,2,8,pre,Forearm,Forearm,-0.0788,-0.0788,0.1807,Elbow,FALSE
d2-025,2_toolusenotinVR,pre,2,9,pre,Wrist,Forearm,-0.1063,-0.0177999999999999,0.1804,Forearm,TRUE
d2-025,2_toolusenotinVR,pre,2,10,pre,Forearm,Forearm,-0.0713,-0.0713,0.1803,Elbow,FALSE
d2-025,2_toolusenotinVR,pre,2,11,pre,Wrist,Wrist,-0.0871,-0.0871,0.1796,Forearm,FALSE
d2-025,2_toolusenotinVR,pre,2,12,pre,Elbow,Elbow,-0.1453,-0.1453,0.1799,Elbow,FALSE
d2-025,2_toolusenotinVR,pre,2,13,pre,Wrist,Wrist,-0.0519,-0.0519,0.1801,Forearm,FALSE
d2-025,2_toolusenotinVR,pre,2,14,pre,Forearm,Elbow,-0.0914,-0.00360000000000005,0.1791,Elbow,TRUE
d2-025,2_toolusenotinVR,pre,2,15,pre,Elbow,Elbow,-0.0939,-0.0939,0.1787,Elbow,FALSE
d2-025,2_toolusenotinVR,pre,2,16,pre,Forearm,Forearm,-0.0656,-0.0656,0.1782,Elbow,FALSE
d2-025,2_toolusenotinVR,pre,2,17,pre,Elbow,Elbow,-0.1074,-0.1074,0.1778,Elbow,FALSE
d2-025,2_toolusenotinVR,pre,2,18,pre,Forearm,Forearm,-0.0641,-0.0641,0.1771,Elbow,FALSE
d2-025,2_toolusenotinVR,first,4,1,post,Forearm,Forearm,0.0551,0.0551,0.1736,Wrist,FALSE
d2-025,2_toolusenotinVR,first,4,2,post,Elbow,Elbow,-0.1051,-0.1051,0.1733,Elbow,FALSE
d2-025,2_toolusenotinVR,first,4,3,post,Forearm,Elbow,-0.1309,-0.0459,0.1733,Elbow,TRUE
d2-025,2_toolusenotinVR,first,4,4,post,Wrist,Wrist,-0.0428,-0.0428,0.173,Forearm,FALSE
d2-025,2_toolusenotinVR,first,4,5,post,Forearm,Forearm,-0.0743,-0.0743,0.1733,Elbow,FALSE
d2-025,2_toolusenotinVR,first,4,6,post,Wrist,Forearm,-0.0917,-0.00639999999999996,0.1738,Forearm,TRUE
d2-025,2_toolusenotinVR,first,4,7,post,Forearm,Elbow,-0.0892,-0.00340000000000007,0.1747,Elbow,TRUE
d2-025,2_toolusenotinVR,first,4,8,post,Elbow,Elbow,-0.1122,-0.1122,0.1743,Elbow,FALSE
d2-025,2_toolusenotinVR,first,4,9,post,Wrist,Wrist,-0.0418,-0.0418,0.1747,Wrist,FALSE
d2-025,2_toolusenotinVR,first,4,10,post,Elbow,Elbow,-0.1164,-0.1164,0.1747,Elbow,FALSE
d2-025,2_toolusenotinVR,first,4,11,post,Wrist,Wrist,-0.0696,-0.0696,0.1751,Forearm,FALSE
d2-025,2_toolusenotinVR,first,4,12,post,Forearm,Elbow,-0.1127,-0.0264000000000001,0.1754,Elbow,TRUE
d2-025,2_toolusenotinVR,first,4,13,post,Elbow,Elbow,-0.1143,-0.1143,0.176,Elbow,FALSE
d2-025,2_toolusenotinVR,first,4,14,post,Wrist,Wrist,-0.0288,-0.0288,0.1759,Wrist,FALSE
d2-025,2_toolusenotinVR,first,4,15,post,Elbow,Elbow,-0.1308,-0.1308,0.1769,Elbow,FALSE
d2-025,2_toolusenotinVR,first,4,16,post,Wrist,Wrist,-0.0763,-0.0763,0.1768,Forearm,FALSE
d2-025,2_toolusenotinVR,first,4,17,post,Forearm,Elbow,-0.112,-0.025,0.1767,Elbow,TRUE
d2-025,2_toolusenotinVR,first,4,18,post,Elbow,Elbow,-0.1218,-0.1218,0.1769,Elbow,FALSE
